"","ISO3","ISO2","country","continent","sub.continent","lon","lat"
"1","AFG","AF","Afghanistan","Asia","Southern Asia",67.709953,33.93911
"2","ALB","AL","Albania","Europe","Southern Europe",20.168331,41.153332
"3","DZA","DZ","Algeria","Africa","Northern Africa",1.659626,28.033886
"4","AGO","AO","Angola","Africa","Middle Africa",17.873887,-11.202692
"5","ATG","AG","Antigua and Barbuda","Americas","Caribbean",-61.796428,17.060816
"6","ARG","AR","Argentina","Americas","South America",-63.616672,-38.416097
"7","ARM","AM","Armenia","Asia","Western Asia",45.038189,40.069099
"8","AUS","AU","Australia","Oceania","Australia and New Zealand",133.775136,-25.274398
"9","AUT","AT","Austria","Europe","Western Europe",14.550072,47.516231
"10","AZE","AZ","Azerbaijan","Asia","Western Asia",47.576927,40.143105
"11","BHS","BS","Bahamas","Americas","Caribbean",-77.39628,25.03428
"12","BHR","BH","Bahrain","Asia","Western Asia",50.5577,26.0667
"13","BGD","BD","Bangladesh","Asia","Southern Asia",90.356331,23.684994
"14","BRB","BB","Barbados","Americas","Caribbean",-59.543198,13.193887
"15","BLR","BY","Belarus","Europe","Eastern Europe",27.953389,53.709807
"16","BEL","BE","Belgium","Europe","Western Europe",4.469936,50.503887
"17","BLZ","BZ","Belize","Americas","Central America",-88.49765,17.189877
"18","BEN","BJ","Benin","Africa","Western Africa",2.315834,9.30769
"19","BMU","BM","Bermuda","Americas","Northern America",-64.7505,32.3078
"20","BTN","BT","Bhutan","Asia","Southern Asia",90.433601,27.514162
"21","BOL","BO","Bolivia","Americas","South America",-63.588653,-16.290154
"22","BIH","BA","Bosnia and Herzegovina","Europe","Southern Europe",17.679076,43.915886
"23","BWA","BW","Botswana","Africa","Southern Africa",24.684866,-22.328474
"24","BRA","BR","Brazil","Americas","South America",-51.92528,-14.235004
"25","VGB","VG","British Virgin Islands","Americas","Caribbean",-64.639968,18.420695
"26","BRN","BN","Brunei Darussalam","Asia","South-Eastern Asia",114.727669,4.535277
"27","BGR","BG","Bulgaria","Europe","Eastern Europe",25.48583,42.733883
"28","BFA","BF","Burkina Faso","Africa","Western Africa",-1.561593,12.238333
"29","BDI","BI","Burundi","Africa","Eastern Africa",29.918886,-3.373056
"30","CPV","CV","Cape Verde","Africa","Western Africa",-23.6051721,15.120142
"31","KHM","KH","Cambodia","Asia","South-Eastern Asia",104.990963,12.565679
"32","CMR","CM","Cameroon","Africa","Middle Africa",12.354722,7.369722
"33","CAN","CA","Canada","Americas","Northern America",-106.346771,56.130366
"34","CYM","KY","Cayman Islands","Americas","Caribbean",-81.2546,19.3133
"35","CAF","CF","Central African Republic","Africa","Middle Africa",20.939444,6.611111
"36","CIV","CI","Cote d'Ivoire","Africa","Western Africa",-5.54708,7.539989
"37","TCD","TD","Chad","Africa","Middle Africa",18.732207,15.454166
"38","CHL","CL","Chile","Americas","South America",-71.542969,-35.675147
"39","CHN","CN","China","Asia","Eastern Asia",104.195397,35.86166
"40","COL","CO","Colombia","Americas","South America",-74.297333,4.570868
"41","COM","KM","Comoros","Africa","Eastern Africa",43.3333,-11.6455
"42","COG","CG","Congo","Africa","Middle Africa",15.827659,-0.228021
"43","COK","CK","Cook Islands","Oceania","Polynesia",-159.777671,-21.236736
"44","CRI","CR","Costa Rica","Americas","Central America",-83.753428,9.748917
"45","HRV","HR","Croatia","Europe","Southern Europe",15.2,45.1
"46","CUB","CU","Cuba","Americas","Caribbean",-77.781167,21.521757
"47","CYP","CY","Cyprus","Asia","Western Asia",33.429859,35.126413
"48","CZE","CZ","Czech Republic","Europe","Eastern Europe",15.472962,49.817492
"49","PRK","KP","North Korea","Asia","Eastern Asia",127.510093,40.339852
"50","COD","CD","DR Congo","Africa","Middle Africa",21.758664,-4.038333
"51","DNK","DK","Denmark","Europe","Northern Europe",9.501785,56.26392
"52","DJI","DJ","Djibouti","Africa","Eastern Africa",42.590275,11.825138
"53","DMA","DM","Dominica","Americas","Caribbean",-61.370976,15.414999
"54","DOM","DO","Dominican Republic","Americas","Caribbean",-70.162651,18.735693
"55","ECU","EC","Ecuador","Americas","South America",-78.183406,-1.831239
"56","EGY","EG","Egypt","Africa","Northern Africa",30.802498,26.820553
"57","SLV","SV","El Salvador","Americas","Central America",-88.89653,13.794185
"58","GNQ","GQ","Equatorial Guinea","Africa","Middle Africa",10.267895,1.650801
"59","ERI","ER","Eritrea","Africa","Eastern Africa",39.782334,15.179384
"60","EST","EE","Estonia","Europe","Northern Europe",25.013607,58.595272
"61","ETH","ET","Ethiopia","Africa","Eastern Africa",40.489673,9.145
"62","FJI","FJ","Fiji","Oceania","Melanesia",178.065032,-17.713371
"63","FIN","FI","Finland","Europe","Northern Europe",25.748151,61.92411
"64","FRA","FR","France","Europe","Western Europe",2.213749,46.227638
"65","GAB","GA","Gabon","Africa","Middle Africa",11.609444,-0.803689
"66","GMB","GM","Gambia","Africa","Western Africa",-15.310139,13.443182
"67","GEO","GE","Georgia","Asia","Western Asia",-82.9000751,32.1656221
"68","DEU","DE","Germany","Europe","Western Europe",10.451526,51.165691
"69","GHA","GH","Ghana","Africa","Western Africa",-1.023194,7.946527
"70","GRC","GR","Greece","Europe","Southern Europe",21.824312,39.074208
"71","GRD","GD","Grenada","Americas","Caribbean",-61.679,12.1165
"72","GTM","GT","Guatemala","Americas","Central America",-90.230759,15.783471
"73","GIN","GN","Guinea","Africa","Western Africa",-9.696645,9.945587
"74","GNB","GW","Guinea-Bissau","Africa","Western Africa",-15.180413,11.803749
"75","GUY","GY","Guyana","Americas","South America",-58.93018,4.860416
"76","HTI","HT","Haiti","Americas","Caribbean",-72.285215,18.971187
"77","HND","HN","Honduras","Americas","Central America",-86.241905,15.199999
"78","HKG","HK","Hong Kong","Asia","Eastern Asia",114.109497,22.396428
"79","HUN","HU","Hungary","Europe","Eastern Europe",19.503304,47.162494
"80","ISL","IS","Iceland","Europe","Northern Europe",-19.020835,64.963051
"81","IND","IN","India","Asia","Southern Asia",78.96288,20.593684
"82","IDN","ID","Indonesia","Asia","South-Eastern Asia",113.921327,-0.789275
"83","IRN","IR","Iran","Asia","Southern Asia",53.688046,32.427908
"84","IRQ","IQ","Iraq","Asia","Western Asia",43.679291,33.223191
"85","IRL","IE","Ireland","Europe","Northern Europe",-8.24389,53.41291
"86","IMN","IM","Isle of Man","Europe","Northern Europe",-4.548056,54.236107
"87","ISR","IL","Israel","Asia","Western Asia",34.851612,31.046051
"88","ITA","IT","Italy","Europe","Southern Europe",12.56738,41.87194
"89","JAM","JM","Jamaica","Americas","Caribbean",-77.297508,18.109581
"90","JPN","JP","Japan","Asia","Eastern Asia",138.252924,36.204824
"91","JEY","JE","Jersey","Europe","Northern Europe",-2.13125,49.214439
"92","JOR","JO","Jordan","Asia","Western Asia",36.238414,30.585164
"93","KAZ","KZ","Kazakhstan","Asia","Central Asia",66.923684,48.019573
"94","KEN","KE","Kenya","Africa","Eastern Africa",37.906193,-0.023559
"95","KIR","KI","Kiribati","Oceania","Micronesia",-157.3626011,1.8709185
"96","KWT","KW","Kuwait","Asia","Western Asia",47.481766,29.31166
"97","KGZ","KG","Kyrgyzstan","Asia","Central Asia",74.766098,41.20438
"98","LAO","LA","Laos","Asia","South-Eastern Asia",102.495496,19.85627
"99","LVA","LV","Latvia","Europe","Northern Europe",24.603189,56.879635
"100","LBN","LB","Lebanon","Asia","Western Asia",35.862285,33.854721
"101","LSO","LS","Lesotho","Africa","Southern Africa",28.233608,-29.609988
"102","LBR","LR","Liberia","Africa","Western Africa",-9.429499,6.428055
"103","LBY","LY","Libya","Africa","Northern Africa",17.228331,26.3351
"104","LTU","LT","Lithuania","Europe","Northern Europe",23.881275,55.169438
"105","LUX","LU","Luxembourg","Europe","Western Europe",6.129583,49.815273
"106","MDG","MG","Madagascar","Africa","Eastern Africa",46.869107,-18.766947
"107","MWI","MW","Malawi","Africa","Eastern Africa",34.301525,-13.254308
"108","MYS","MY","Malaysia","Asia","South-Eastern Asia",101.975766,4.210484
"109","MDV","MV","Maldives","Asia","Southern Asia",73.5361034,1.977247
"110","MLI","ML","Mali","Africa","Western Africa",-3.996166,17.570692
"111","MLT","MT","Malta","Europe","Southern Europe",14.375416,35.937496
"112","MHL","MH","Marshall Islands","Oceania","Micronesia",171.184478,7.131474
"113","MRT","MR","Mauritania","Africa","Western Africa",-10.940835,21.00789
"114","MUS","MU","Mauritius","Africa","Eastern Africa",57.552152,-20.348404
"115","MEX","MX","Mexico","Americas","Central America",-102.552784,23.634501
"116","FSM","FM","Micronesia","Oceania","Micronesia",158.2150717,6.8873508
"117","MNG","MN","Mongolia","Asia","Eastern Asia",103.846656,46.862496
"118","MAR","MA","Morocco","Africa","Northern Africa",-7.09262,31.791702
"119","MOZ","MZ","Mozambique","Africa","Eastern Africa",35.529562,-18.665695
"120","MMR","MM","Myanmar","Asia","South-Eastern Asia",95.956223,21.913965
"121","NAM","NA","Namibia","Africa","Southern Africa",18.49041,-22.95764
"122","NRU","NR","Nauru","Oceania","Micronesia",166.931503,-0.522778
"123","NPL","NP","Nepal","Asia","Southern Asia",84.124008,28.394857
"124","NLD","NL","Netherlands","Europe","Western Europe",5.291266,52.132633
"125","NZL","NZ","New Zealand","Oceania","Australia and New Zealand",174.885971,-40.900557
"126","NIC","NI","Nicaragua","Americas","Central America",-85.207229,12.865416
"127","NER","NE","Niger","Africa","Western Africa",8.081666,17.607789
"128","NGA","NG","Nigeria","Africa","Western Africa",8.675277,9.081999
"129","NIU","NU","Niue","Oceania","Polynesia",-169.867233,-19.054445
"130","NOR","NO","Norway","Europe","Northern Europe",8.468946,60.472024
"131","OMN","OM","Oman","Asia","Western Asia",55.923255,21.512583
"132","PAK","PK","Pakistan","Asia","Southern Asia",69.345116,30.375321
"133","PAN","PA","Panama","Americas","Central America",-80.782127,8.537981
"134","PNG","PG","Papua New Guinea","Oceania","Melanesia",143.95555,-6.314993
"135","PRY","PY","Paraguay","Americas","South America",-58.443832,-23.442503
"136","PER","PE","Peru","Americas","South America",-75.015152,-9.189967
"137","PHL","PH","Philippines","Asia","South-Eastern Asia",121.774017,12.879721
"138","POL","PL","Poland","Europe","Eastern Europe",19.145136,51.919438
"139","PRT","PT","Portugal","Europe","Southern Europe",-8.224454,39.399872
"140","QAT","QA","Qatar","Asia","Western Asia",51.183884,25.354826
"141","REU","RE","Reunion","Africa","Eastern Africa",55.536384,-21.115141
"142","KOR","KR","South Korea","Asia","Eastern Asia",127.766922,35.907757
"143","MDA","MD","Republic of Moldova","Europe","Eastern Europe",28.369885,47.411631
"144","ROU","RO","Romania","Europe","Eastern Europe",24.96676,45.943161
"145","RUS","RU","Russia","Europe","Eastern Europe",105.318756,61.52401
"146","RWA","RW","Rwanda","Africa","Eastern Africa",29.873888,-1.940278
"147","KNA","KN","Saint Kitts and Nevis","Americas","Caribbean",-62.782998,17.357822
"148","LCA","LC","Saint Lucia","Americas","Caribbean",-60.978893,13.909444
"149","VCT","VC","Saint Vincent and the Grenadines","Americas","Caribbean",-61.196251,13.253351
"150","WSM","WS","Samoa","Oceania","Polynesia",-172.104629,-13.759029
"151","STP","ST","Sao Tome and Principe","Africa","Middle Africa",6.613081,0.18636
"152","SAU","SA","Saudi Arabia","Asia","Western Asia",45.079162,23.885942
"153","SEN","SN","Senegal","Africa","Western Africa",-14.452362,14.497401
"154","SRB","RS","Serbia","Europe","Southern Europe",21.005859,44.016521
"155","SYC","SC","Seychelles","Africa","Eastern Africa",55.491977,-4.679574
"156","SLE","SL","Sierra Leone","Africa","Western Africa",-11.779889,8.460555
"157","SGP","SG","Singapore","Asia","South-Eastern Asia",103.819836,1.352083
"158","SVK","SK","Slovakia","Europe","Eastern Europe",19.699024,48.669026
"159","SVN","SI","Slovenia","Europe","Southern Europe",14.995463,46.151241
"160","SLB","SB","Solomon Islands","Oceania","Melanesia",160.156194,-9.64571
"161","SOM","SO","Somalia","Africa","Eastern Africa",46.199616,5.152149
"162","ZAF","ZA","South Africa","Africa","Southern Africa",22.937506,-30.559482
"163","SSD","SS","South Sudan","Africa","Northern Africa",30.1589303,7.9630921
"164","ESP","ES","Spain","Europe","Southern Europe",-3.74922,40.463667
"165","LKA","LK","Sri Lanka","Asia","Southern Asia",80.771797,7.873054
"166","SDN","SD","Sudan","Africa","Northern Africa",30.217636,12.862807
"167","SUR","SR","Suriname","Americas","South America",-56.027783,3.919305
"168","SWZ","SZ","Swaziland","Africa","Southern Africa",31.465866,-26.522503
"169","SWE","SE","Sweden","Europe","Northern Europe",18.643501,60.128161
"170","CHE","CH","Switzerland","Europe","Western Europe",8.227512,46.818188
"171","SYR","SY","Syria","Asia","Western Asia",38.996815,34.802075
"172","TJK","TJ","Tajikistan","Asia","Central Asia",71.276093,38.861034
"173","THA","TH","Thailand","Asia","South-Eastern Asia",100.992541,15.870032
"174","MKD","MK","Macedonia","Europe","Southern Europe",21.745275,41.608635
"175","TLS","TL","Timor-Leste","Asia","South-Eastern Asia",125.727539,-8.874217
"176","TGO","TG","Togo","Africa","Western Africa",0.824782,8.619543
"177","TON","TO","Tonga","Oceania","Polynesia",-175.198242,-21.178986
"178","TTO","TT","Trinidad and Tobago","Americas","Caribbean",-61.222503,10.691803
"179","TUN","TN","Tunisia","Africa","Northern Africa",9.537499,33.886917
"180","TUR","TR","Turkey","Asia","Western Asia",35.243322,38.963745
"181","TKM","TM","Turkmenistan","Asia","Central Asia",59.556278,38.969719
"182","TUV","TV","Tuvalu","Oceania","Polynesia",178.6799214,-7.4784418
"183","UGA","UG","Uganda","Africa","Eastern Africa",32.290275,1.373333
"184","UKR","UA","Ukraine","Europe","Eastern Europe",31.16558,48.379433
"185","ARE","AE","United Arab Emirates","Asia","Western Asia",53.847818,23.424076
"186","GBR","GB","United Kingdom","Europe","Northern Europe",-3.435973,55.378051
"187","TZA","TZ","Tanzania","Africa","Eastern Africa",34.888822,-6.369028
"188","USA","US","United States of America","Americas","Northern America",-95.712891,37.09024
"189","URY","UY","Uruguay","Americas","South America",-55.765835,-32.522779
"190","UZB","UZ","Uzbekistan","Asia","Central Asia",64.585262,41.377491
"191","VUT","VU","Vanuatu","Oceania","Melanesia",166.959158,-15.376706
"192","VEN","VE","Venezuela","Americas","South America",-66.58973,6.42375
"193","VNM","VN","Vietnam","Asia","South-Eastern Asia",108.277199,14.058324
"194","YEM","YE","Yemen","Asia","Western Asia",48.516388,15.552727
"195","ZMB","ZM","Zambia","Africa","Eastern Africa",27.849332,-13.133897
"196","ZWE","ZW","Zimbabwe","Africa","Eastern Africa",29.154857,-19.015438
