"","X","deal.id","target.ISO3","target.lon","target.lat","target.country","target.continent","target.sub.continent","inv.ISO3","inv.lon","inv.lat","inv.country","inv.continent","inv.sub.continent","intended.size","contract.size","production.size","n.inv","n.crop","crop.1.final","crop.2.final","crop.3.final","crop.4.final","crop.5.final","crop.6.final","crop.7.final","crop.8.final","crop.9.final","crop.10.final","crop.11.final","accacia","alfalfa","algae","aloe.vera","apple","aquaculture","bamboo","banana","barley","bean","buckwheat","cacao","cashew","cassava","castor.oil","cereals","chat","citrus","coconut","coffee","corn","cotton","croton","dill","eucalyptus","flowers","fodder.plants","food.crops","fruit","glucose.syrup","grains","grapes","herbs","jatropha","lentils","mango","not.stated","oil.palm","oil.seeds","oleagionous.plant","olives","onion","palms","papaya","peanut","peas","pepper","pine","pineapple","pongamia.pinnata","potatoes","pulses","rapeseed","rice","roses","rubber","rye","seed.production","sesame","sorghum","soybeans","sugar","sugar.beet","sugar.cane","sunflower","sweet.potatoes","tea","teak","teff","tomatoes","trees","vegetables","vineyard","wheat"
"1",1,1098,"AGO",17.873887,-11.202692,"Angola","Africa","Middle Africa","AGO",17.873887,-11.202692,"Angola","Africa","Middle Africa",15000,15000,725,2,1,"sugar.cane","0","0","0","0","0","0","0",0,0,0,0,0,0,0,0,0,0,0,0,0,0,0,0,0,0,0,0,0,0,0,0,0,0,0,0,0,0,0,0,0,0,0,0,0,0,0,0,0,0,0,0,0,0,0,0,0,0,0,0,0,0,0,0,0,0,0,0,0,0,0,0,0,0,725,0,0,0,0,0,0,0,0,0,0
"2",2,1652,"NAM",18.49041,-22.95764,"Namibia","Africa","Southern Africa","ARE",53.847818,23.424076,"United Arab Emirates","Asia","Western Asia",0,110,7.5,2,2,"grapes","palms","0","0","0","0","0","0",0,0,0,0,0,0,0,0,0,0,0,0,0,0,0,0,0,0,0,0,0,0,0,0,0,0,0,0,0,0,0,0,0,0,3.8,0,0,0,0,0,0,0,0,0,0,3.8,0,0,0,0,0,0,0,0,0,0,0,0,0,0,0,0,0,0,0,0,0,0,0,0,0,0,0,0,0,0,0
"3",3,2332,"SDN",30.217636,12.862807,"Sudan","Africa","Northern Africa","ARE",53.847818,23.424076,"United Arab Emirates","Asia","Western Asia",16800,16800,1260,1,1,"not.stated","0","0","0","0","0","0","0",0,0,0,0,0,0,0,0,0,0,0,0,0,0,0,0,0,0,0,0,0,0,0,0,0,0,0,0,0,0,0,0,0,0,0,0,0,0,0,1260,0,0,0,0,0,0,0,0,0,0,0,0,0,0,0,0,0,0,0,0,0,0,0,0,0,0,0,0,0,0,0,0,0,0,0,0,0
"4",4,3404,"GHA",-1.023194,7.946527,"Ghana","Africa","Western Africa","ARE",53.847818,23.424076,"United Arab Emirates","Asia","Western Asia",0,5000,250,1,3,"eucalyptus","pine","teak","0","0","0","0","0",0,0,0,0,0,0,0,0,0,0,0,0,0,0,0,0,0,0,0,0,0,0,0,0,0,0,0,83.3,0,0,0,0,0,0,0,0,0,0,0,0,0,0,0,0,0,0,0,0,0,0,83.3,0,0,0,0,0,0,0,0,0,0,0,0,0,0,0,0,0,0,0,83.3,0,0,0,0,0,0
"5",5,1772,"SEN",-14.452362,14.497401,"Senegal","Africa","Western Africa","BEL",4.469936,50.503887,"Belgium","Europe","Western Europe",5000,5000,6,1,1,"jatropha","0","0","0","0","0","0","0",0,0,0,0,0,0,0,0,0,0,0,0,0,0,0,0,0,0,0,0,0,0,0,0,0,0,0,0,0,0,0,0,0,0,0,0,6,0,0,0,0,0,0,0,0,0,0,0,0,0,0,0,0,0,0,0,0,0,0,0,0,0,0,0,0,0,0,0,0,0,0,0,0,0,0,0,0
"6",6,3352,"GAB",11.609444,-0.803689,"Gabon","Africa","Middle Africa","BEL",4.469936,50.503887,"Belgium","Europe","Western Europe",117300,117300,17300,1,2,"oil.palm","rubber","0","0","0","0","0","0",0,0,0,0,0,0,0,0,0,0,0,0,0,0,0,0,0,0,0,0,0,0,0,0,0,0,0,0,0,0,0,0,0,0,0,0,0,0,0,0,8650,0,0,0,0,0,0,0,0,0,0,0,0,0,0,0,0,0,8650,0,0,0,0,0,0,0,0,0,0,0,0,0,0,0,0,0,0
"7",7,1680,"NGA",8.675277,9.081999,"Nigeria","Africa","Western Africa","BEL",4.469936,50.503887,"Belgium","Europe","Western Europe",16000,16000,16000,1,2,"rubber","oil.palm","0","0","0","0","0","0",0,0,0,0,0,0,0,0,0,0,0,0,0,0,0,0,0,0,0,0,0,0,0,0,0,0,0,0,0,0,0,0,0,0,0,0,0,0,0,0,8000,0,0,0,0,0,0,0,0,0,0,0,0,0,0,0,0,0,8000,0,0,0,0,0,0,0,0,0,0,0,0,0,0,0,0,0,0
"8",8,3271,"CIV",-5.54708,7.539989,"Cote d'Ivoire","Africa","Western Africa","BEL",4.469936,50.503887,"Belgium","Europe","Western Europe",13700,7700,5500,1,1,"rubber","0","0","0","0","0","0","0",0,0,0,0,0,0,0,0,0,0,0,0,0,0,0,0,0,0,0,0,0,0,0,0,0,0,0,0,0,0,0,0,0,0,0,0,0,0,0,0,0,0,0,0,0,0,0,0,0,0,0,0,0,0,0,0,0,0,5500,0,0,0,0,0,0,0,0,0,0,0,0,0,0,0,0,0,0
"9",9,2335,"SDN",30.217636,12.862807,"Sudan","Africa","Northern Africa","BRA",-51.92528,-14.235004,"Brazil","Americas","South America",1e+05,12000,12000,1,2,"cotton","soybeans","0","0","0","0","0","0",0,0,0,0,0,0,0,0,0,0,0,0,0,0,0,0,0,0,0,0,0,0,0,0,6000,0,0,0,0,0,0,0,0,0,0,0,0,0,0,0,0,0,0,0,0,0,0,0,0,0,0,0,0,0,0,0,0,0,0,0,0,0,0,6000,0,0,0,0,0,0,0,0,0,0,0,0,0
"10",10,1098,"AGO",17.873887,-11.202692,"Angola","Africa","Middle Africa","BRA",-51.92528,-14.235004,"Brazil","Americas","South America",15000,15000,725,2,1,"sugar.cane","0","0","0","0","0","0","0",0,0,0,0,0,0,0,0,0,0,0,0,0,0,0,0,0,0,0,0,0,0,0,0,0,0,0,0,0,0,0,0,0,0,0,0,0,0,0,0,0,0,0,0,0,0,0,0,0,0,0,0,0,0,0,0,0,0,0,0,0,0,0,0,0,0,725,0,0,0,0,0,0,0,0,0,0
"11",11,1363,"KEN",37.906193,-0.023559,"Kenya","Africa","Eastern Africa","CAN",-106.346771,56.130366,"Canada","Americas","Northern America",160000,160000,19,1,1,"jatropha","0","0","0","0","0","0","0",0,0,0,0,0,0,0,0,0,0,0,0,0,0,0,0,0,0,0,0,0,0,0,0,0,0,0,0,0,0,0,0,0,0,0,0,19,0,0,0,0,0,0,0,0,0,0,0,0,0,0,0,0,0,0,0,0,0,0,0,0,0,0,0,0,0,0,0,0,0,0,0,0,0,0,0,0
"12",12,1999,"COD",21.758664,-4.038333,"DR Congo","Africa","Middle Africa","CAN",-106.346771,56.130366,"Canada","Americas","Northern America",53946,53946,8927,2,1,"oil.palm","0","0","0","0","0","0","0",0,0,0,0,0,0,0,0,0,0,0,0,0,0,0,0,0,0,0,0,0,0,0,0,0,0,0,0,0,0,0,0,0,0,0,0,0,0,0,0,8927,0,0,0,0,0,0,0,0,0,0,0,0,0,0,0,0,0,0,0,0,0,0,0,0,0,0,0,0,0,0,0,0,0,0,0,0
"13",13,1761,"SSD",30.1589303,7.9630921,"South Sudan","Africa","Northern Africa","CAN",-106.346771,56.130366,"Canada","Americas","Northern America",0,404,24,1,3,"sorghum","corn","wheat","0","0","0","0","0",0,0,0,0,0,0,0,0,0,0,0,0,0,0,0,0,0,0,0,0,0,0,0,8,0,0,0,0,0,0,0,0,0,0,0,0,0,0,0,0,0,0,0,0,0,0,0,0,0,0,0,0,0,0,0,0,0,0,0,0,0,0,8,0,0,0,0,0,0,0,0,0,0,0,0,0,8
"14",14,1978,"UGA",32.290275,1.373333,"Uganda","Africa","Eastern Africa","CHN",104.195397,35.86166,"China","Asia","Eastern Asia",41000,1000,173,1,6,"corn","fruit","rice","trees","vegetables","wheat","0","0",0,0,0,0,0,0,0,0,0,0,0,0,0,0,0,0,0,0,0,0,0,0,0,28.8,0,0,0,0,0,0,0,28.8,0,0,0,0,0,0,0,0,0,0,0,0,0,0,0,0,0,0,0,0,0,0,0,0,28.8,0,0,0,0,0,0,0,0,0,0,0,0,0,0,0,0,28.8,28.8,0,28.8
"15",15,3008,"SLE",-11.779889,8.460555,"Sierra Leone","Africa","Western Africa","CHN",104.195397,35.86166,"China","Asia","Eastern Asia",3000,1222,1222,1,2,"cassava","sugar.cane","0","0","0","0","0","0",0,0,0,0,0,0,0,0,0,0,0,0,0,0,0,0,611,0,0,0,0,0,0,0,0,0,0,0,0,0,0,0,0,0,0,0,0,0,0,0,0,0,0,0,0,0,0,0,0,0,0,0,0,0,0,0,0,0,0,0,0,0,0,0,0,0,611,0,0,0,0,0,0,0,0,0,0
"16",16,3848,"MOZ",35.529562,-18.665695,"Mozambique","Africa","Eastern Africa","CHN",104.195397,35.86166,"China","Asia","Eastern Asia",20000,20000,200,1,2,"rice","soybeans","0","0","0","0","0","0",0,0,0,0,0,0,0,0,0,0,0,0,0,0,0,0,0,0,0,0,0,0,0,0,0,0,0,0,0,0,0,0,0,0,0,0,0,0,0,0,0,0,0,0,0,0,0,0,0,0,0,0,0,0,0,0,100,0,0,0,0,0,0,100,0,0,0,0,0,0,0,0,0,0,0,0,0
"17",17,1130,"CIV",-5.54708,7.539989,"Cote d'Ivoire","Africa","Western Africa","CIV",-5.54708,7.539989,"Cote d'Ivoire","Africa","Western Africa",19680.5,19680.5,15786.5,2,1,"oil.palm","0","0","0","0","0","0","0",0,0,0,0,0,0,0,0,0,0,0,0,0,0,0,0,0,0,0,0,0,0,0,0,0,0,0,0,0,0,0,0,0,0,0,0,0,0,0,0,15786.5,0,0,0,0,0,0,0,0,0,0,0,0,0,0,0,0,0,0,0,0,0,0,0,0,0,0,0,0,0,0,0,0,0,0,0,0
"18",18,3464,"LBR",-9.429499,6.428055,"Liberia","Africa","Western Africa","CIV",-5.54708,7.539989,"Cote d'Ivoire","Africa","Western Africa",17500,17500,2250,2,1,"rubber","0","0","0","0","0","0","0",0,0,0,0,0,0,0,0,0,0,0,0,0,0,0,0,0,0,0,0,0,0,0,0,0,0,0,0,0,0,0,0,0,0,0,0,0,0,0,0,0,0,0,0,0,0,0,0,0,0,0,0,0,0,0,0,0,0,2250,0,0,0,0,0,0,0,0,0,0,0,0,0,0,0,0,0,0
"19",19,3865,"COD",21.758664,-4.038333,"DR Congo","Africa","Middle Africa","COD",21.758664,-4.038333,"DR Congo","Africa","Middle Africa",37800,37800,4500,1,4,"cacao","coffee","oil.palm","rubber","0","0","0","0",0,0,0,0,0,0,0,0,0,0,0,0,0,0,1125,0,0,0,0,0,0,0,1125,0,0,0,0,0,0,0,0,0,0,0,0,0,0,0,0,0,1125,0,0,0,0,0,0,0,0,0,0,0,0,0,0,0,0,0,1125,0,0,0,0,0,0,0,0,0,0,0,0,0,0,0,0,0,0
"20",20,1999,"COD",21.758664,-4.038333,"DR Congo","Africa","Middle Africa","COD",21.758664,-4.038333,"DR Congo","Africa","Middle Africa",53946,53946,8927,2,1,"oil.palm","0","0","0","0","0","0","0",0,0,0,0,0,0,0,0,0,0,0,0,0,0,0,0,0,0,0,0,0,0,0,0,0,0,0,0,0,0,0,0,0,0,0,0,0,0,0,0,8927,0,0,0,0,0,0,0,0,0,0,0,0,0,0,0,0,0,0,0,0,0,0,0,0,0,0,0,0,0,0,0,0,0,0,0,0
"21",21,1963,"UGA",32.290275,1.373333,"Uganda","Africa","Eastern Africa","DEU",10.451526,51.165691,"Germany","Europe","Western Europe",2510,2511,1802,1,1,"coffee","0","0","0","0","0","0","0",0,0,0,0,0,0,0,0,0,0,0,0,0,0,0,0,0,0,0,0,0,0,1802,0,0,0,0,0,0,0,0,0,0,0,0,0,0,0,0,0,0,0,0,0,0,0,0,0,0,0,0,0,0,0,0,0,0,0,0,0,0,0,0,0,0,0,0,0,0,0,0,0,0,0,0,0,0
"22",22,1425,"MDG",46.869107,-18.766947,"Madagascar","Africa","Eastern Africa","DEU",10.451526,51.165691,"Germany","Europe","Western Europe",1500,1500,210,2,1,"jatropha","0","0","0","0","0","0","0",0,0,0,0,0,0,0,0,0,0,0,0,0,0,0,0,0,0,0,0,0,0,0,0,0,0,0,0,0,0,0,0,0,0,0,0,210,0,0,0,0,0,0,0,0,0,0,0,0,0,0,0,0,0,0,0,0,0,0,0,0,0,0,0,0,0,0,0,0,0,0,0,0,0,0,0,0
"23",23,1189,"ETH",40.489673,9.145,"Ethiopia","Africa","Eastern Africa","DEU",10.451526,51.165691,"Germany","Europe","Western Europe",28000,1900,500,2,2,"peas","castor.oil","0","0","0","0","0","0",0,0,0,0,0,0,0,0,0,0,0,0,0,0,0,0,0,250,0,0,0,0,0,0,0,0,0,0,0,0,0,0,0,0,0,0,0,0,0,0,0,0,0,0,0,0,0,0,250,0,0,0,0,0,0,0,0,0,0,0,0,0,0,0,0,0,0,0,0,0,0,0,0,0,0,0,0
"24",24,1426,"MDG",46.869107,-18.766947,"Madagascar","Africa","Eastern Africa","DEU",10.451526,51.165691,"Germany","Europe","Western Europe",7500,0,75,2,2,"oil.seeds","jatropha","0","0","0","0","0","0",0,0,0,0,0,0,0,0,0,0,0,0,0,0,0,0,0,0,0,0,0,0,0,0,0,0,0,0,0,0,0,0,0,0,0,0,37.5,0,0,0,0,37.5,0,0,0,0,0,0,0,0,0,0,0,0,0,0,0,0,0,0,0,0,0,0,0,0,0,0,0,0,0,0,0,0,0,0,0
"25",25,3123,"ZMB",27.849332,-13.133897,"Zambia","Africa","Eastern Africa","DEU",10.451526,51.165691,"Germany","Europe","Western Europe",0,95551.5,4,2,1,"jatropha","0","0","0","0","0","0","0",0,0,0,0,0,0,0,0,0,0,0,0,0,0,0,0,0,0,0,0,0,0,0,0,0,0,0,0,0,0,0,0,0,0,0,0,4,0,0,0,0,0,0,0,0,0,0,0,0,0,0,0,0,0,0,0,0,0,0,0,0,0,0,0,0,0,0,0,0,0,0,0,0,0,0,0,0
"26",26,3126,"ZMB",27.849332,-13.133897,"Zambia","Africa","Eastern Africa","DNK",9.501785,56.26392,"Denmark","Europe","Northern Europe",3000,3000,1000,1,8,"coffee","corn","fruit","onion","potatoes","soybeans","sunflower","wheat",0,0,0,0,0,0,0,0,0,0,0,0,0,0,0,0,0,0,0,0,0,0,125,125,0,0,0,0,0,0,0,125,0,0,0,0,0,0,0,0,0,0,0,0,125,0,0,0,0,0,0,0,0,125,0,0,0,0,0,0,0,0,0,125,0,0,0,125,0,0,0,0,0,0,0,0,125
"27",27,2342,"SDN",30.217636,12.862807,"Sudan","Africa","Northern Africa","EGY",30.802498,26.820553,"Egypt","Africa","Northern Africa",106680,106680,2520,1,5,"wheat","cotton","sorghum","sunflower","sugar.cane","0","0","0",0,0,0,0,0,0,0,0,0,0,0,0,0,0,0,0,0,0,0,0,0,0,0,0,504,0,0,0,0,0,0,0,0,0,0,0,0,0,0,0,0,0,0,0,0,0,0,0,0,0,0,0,0,0,0,0,0,0,0,0,0,0,504,0,0,0,504,504,0,0,0,0,0,0,0,0,504
"28",28,1235,"ETH",40.489673,9.145,"Ethiopia","Africa","Eastern Africa","ETH",40.489673,9.145,"Ethiopia","Africa","Eastern Africa",900,900,700,2,1,"pineapple","0","0","0","0","0","0","0",0,0,0,0,0,0,0,0,0,0,0,0,0,0,0,0,0,0,0,0,0,0,0,0,0,0,0,0,0,0,0,0,0,0,0,0,0,0,0,0,0,0,0,0,0,0,0,0,0,0,0,700,0,0,0,0,0,0,0,0,0,0,0,0,0,0,0,0,0,0,0,0,0,0,0,0,0
"29",29,1319,"ETH",40.489673,9.145,"Ethiopia","Africa","Eastern Africa","ETH",40.489673,9.145,"Ethiopia","Africa","Eastern Africa",25000,100,100,2,1,"jatropha","0","0","0","0","0","0","0",0,0,0,0,0,0,0,0,0,0,0,0,0,0,0,0,0,0,0,0,0,0,0,0,0,0,0,0,0,0,0,0,0,0,0,0,100,0,0,0,0,0,0,0,0,0,0,0,0,0,0,0,0,0,0,0,0,0,0,0,0,0,0,0,0,0,0,0,0,0,0,0,0,0,0,0,0
"30",30,3021,"TZA",34.888822,-6.369028,"Tanzania","Africa","Eastern Africa","FIN",25.748151,61.92411,"Finland","Europe","Northern Europe",14066,14066,2374,2,1,"teak","0","0","0","0","0","0","0",0,0,0,0,0,0,0,0,0,0,0,0,0,0,0,0,0,0,0,0,0,0,0,0,0,0,0,0,0,0,0,0,0,0,0,0,0,0,0,0,0,0,0,0,0,0,0,0,0,0,0,0,0,0,0,0,0,0,0,0,0,0,0,0,0,0,0,0,0,0,2374,0,0,0,0,0,0
"31",31,3464,"LBR",-9.429499,6.428055,"Liberia","Africa","Western Africa","FRA",2.213749,46.227638,"France","Europe","Western Europe",17500,17500,2250,2,1,"rubber","0","0","0","0","0","0","0",0,0,0,0,0,0,0,0,0,0,0,0,0,0,0,0,0,0,0,0,0,0,0,0,0,0,0,0,0,0,0,0,0,0,0,0,0,0,0,0,0,0,0,0,0,0,0,0,0,0,0,0,0,0,0,0,0,0,2250,0,0,0,0,0,0,0,0,0,0,0,0,0,0,0,0,0,0
"32",32,3345,"GAB",11.609444,-0.803689,"Gabon","Africa","Middle Africa","FRA",2.213749,46.227638,"France","Europe","Western Europe",4400,4400,4400,1,1,"sugar.cane","0","0","0","0","0","0","0",0,0,0,0,0,0,0,0,0,0,0,0,0,0,0,0,0,0,0,0,0,0,0,0,0,0,0,0,0,0,0,0,0,0,0,0,0,0,0,0,0,0,0,0,0,0,0,0,0,0,0,0,0,0,0,0,0,0,0,0,0,0,0,0,0,0,4400,0,0,0,0,0,0,0,0,0,0
"33",33,3492,"CAF",20.939444,6.611111,"Central African Republic","Africa","Middle Africa","FRA",2.213749,46.227638,"France","Europe","Western Europe",5317,5317,5317,1,1,"sugar.cane","0","0","0","0","0","0","0",0,0,0,0,0,0,0,0,0,0,0,0,0,0,0,0,0,0,0,0,0,0,0,0,0,0,0,0,0,0,0,0,0,0,0,0,0,0,0,0,0,0,0,0,0,0,0,0,0,0,0,0,0,0,0,0,0,0,0,0,0,0,0,0,0,0,5317,0,0,0,0,0,0,0,0,0,0
"34",34,3819,"ETH",40.489673,9.145,"Ethiopia","Africa","Eastern Africa","FRA",2.213749,46.227638,"France","Europe","Western Europe",0,450,120,1,1,"grapes","0","0","0","0","0","0","0",0,0,0,0,0,0,0,0,0,0,0,0,0,0,0,0,0,0,0,0,0,0,0,0,0,0,0,0,0,0,0,0,0,0,120,0,0,0,0,0,0,0,0,0,0,0,0,0,0,0,0,0,0,0,0,0,0,0,0,0,0,0,0,0,0,0,0,0,0,0,0,0,0,0,0,0,0
"35",35,1777,"SEN",-14.452362,14.497401,"Senegal","Africa","Western Africa","FRA",2.213749,46.227638,"France","Europe","Western Europe",300,300,200,1,2,"tomatoes","corn","0","0","0","0","0","0",0,0,0,0,0,0,0,0,0,0,0,0,0,0,0,0,0,0,0,0,0,0,0,100,0,0,0,0,0,0,0,0,0,0,0,0,0,0,0,0,0,0,0,0,0,0,0,0,0,0,0,0,0,0,0,0,0,0,0,0,0,0,0,0,0,0,0,0,0,0,0,0,100,0,0,0,0
"36",36,3269,"CIV",-5.54708,7.539989,"Cote d'Ivoire","Africa","Western Africa","FRA",2.213749,46.227638,"France","Europe","Western Europe",14600,14600,14600,1,1,"sugar.cane","0","0","0","0","0","0","0",0,0,0,0,0,0,0,0,0,0,0,0,0,0,0,0,0,0,0,0,0,0,0,0,0,0,0,0,0,0,0,0,0,0,0,0,0,0,0,0,0,0,0,0,0,0,0,0,0,0,0,0,0,0,0,0,0,0,0,0,0,0,0,0,0,0,14600,0,0,0,0,0,0,0,0,0,0
"37",37,3765,"GHA",-1.023194,7.946527,"Ghana","Africa","Western Africa","FRA",2.213749,46.227638,"France","Europe","Western Europe",3500,3500,1200,1,2,"banana","pineapple","0","0","0","0","0","0",0,0,0,0,0,0,0,0,0,0,600,0,0,0,0,0,0,0,0,0,0,0,0,0,0,0,0,0,0,0,0,0,0,0,0,0,0,0,0,0,0,0,0,0,0,0,0,0,0,0,0,600,0,0,0,0,0,0,0,0,0,0,0,0,0,0,0,0,0,0,0,0,0,0,0,0,0
"38",38,3075,"NGA",8.675277,9.081999,"Nigeria","Africa","Western Africa","FRA",2.213749,46.227638,"France","Europe","Western Europe",6000,6000,6000,2,1,"rubber","0","0","0","0","0","0","0",0,0,0,0,0,0,0,0,0,0,0,0,0,0,0,0,0,0,0,0,0,0,0,0,0,0,0,0,0,0,0,0,0,0,0,0,0,0,0,0,0,0,0,0,0,0,0,0,0,0,0,0,0,0,0,0,0,0,6000,0,0,0,0,0,0,0,0,0,0,0,0,0,0,0,0,0,0
"39",39,1395,"LBR",-9.429499,6.428055,"Liberia","Africa","Western Africa","GBR",-3.435973,55.378051,"United Kingdom","Europe","Northern Europe",38957,54550,2000,1,1,"oil.palm","0","0","0","0","0","0","0",0,0,0,0,0,0,0,0,0,0,0,0,0,0,0,0,0,0,0,0,0,0,0,0,0,0,0,0,0,0,0,0,0,0,0,0,0,0,0,0,2000,0,0,0,0,0,0,0,0,0,0,0,0,0,0,0,0,0,0,0,0,0,0,0,0,0,0,0,0,0,0,0,0,0,0,0,0
"40",40,3767,"GHA",-1.023194,7.946527,"Ghana","Africa","Western Africa","GBR",-3.435973,55.378051,"United Kingdom","Europe","Northern Europe",3000,700,600,1,1,"oil.palm","0","0","0","0","0","0","0",0,0,0,0,0,0,0,0,0,0,0,0,0,0,0,0,0,0,0,0,0,0,0,0,0,0,0,0,0,0,0,0,0,0,0,0,0,0,0,0,600,0,0,0,0,0,0,0,0,0,0,0,0,0,0,0,0,0,0,0,0,0,0,0,0,0,0,0,0,0,0,0,0,0,0,0,0
"41",41,3017,"UGA",32.290275,1.373333,"Uganda","Africa","Eastern Africa","GBR",-3.435973,55.378051,"United Kingdom","Europe","Northern Europe",20000,20000,10400,1,2,"eucalyptus","pine","0","0","0","0","0","0",0,0,0,0,0,0,0,0,0,0,0,0,0,0,0,0,0,0,0,0,0,0,0,0,0,0,0,5200,0,0,0,0,0,0,0,0,0,0,0,0,0,0,0,0,0,0,0,0,0,0,5200,0,0,0,0,0,0,0,0,0,0,0,0,0,0,0,0,0,0,0,0,0,0,0,0,0,0
"42",42,1414,"MDG",46.869107,-18.766947,"Madagascar","Africa","Eastern Africa","GBR",-3.435973,55.378051,"United Kingdom","Europe","Northern Europe",550000,550000,55700,1,1,"jatropha","0","0","0","0","0","0","0",0,0,0,0,0,0,0,0,0,0,0,0,0,0,0,0,0,0,0,0,0,0,0,0,0,0,0,0,0,0,0,0,0,0,0,0,55700,0,0,0,0,0,0,0,0,0,0,0,0,0,0,0,0,0,0,0,0,0,0,0,0,0,0,0,0,0,0,0,0,0,0,0,0,0,0,0,0
"43",43,1876,"TZA",34.888822,-6.369028,"Tanzania","Africa","Eastern Africa","GBR",-3.435973,55.378051,"United Kingdom","Europe","Northern Europe",30000,5975,1500,1,2,"pine","trees","0","0","0","0","0","0",0,0,0,0,0,0,0,0,0,0,0,0,0,0,0,0,0,0,0,0,0,0,0,0,0,0,0,0,0,0,0,0,0,0,0,0,0,0,0,0,0,0,0,0,0,0,0,0,0,0,750,0,0,0,0,0,0,0,0,0,0,0,0,0,0,0,0,0,0,0,0,0,0,750,0,0,0
"44",44,3867,"COD",21.758664,-4.038333,"DR Congo","Africa","Middle Africa","GBR",-3.435973,55.378051,"United Kingdom","Europe","Northern Europe",12700,12700,3676,1,3,"eucalyptus","oil.palm","rubber","0","0","0","0","0",0,0,0,0,0,0,0,0,0,0,0,0,0,0,0,0,0,0,0,0,0,0,0,0,0,0,0,1225.3,0,0,0,0,0,0,0,0,0,0,0,0,1225.3,0,0,0,0,0,0,0,0,0,0,0,0,0,0,0,0,0,1225.3,0,0,0,0,0,0,0,0,0,0,0,0,0,0,0,0,0,0
"45",45,1419,"MDG",46.869107,-18.766947,"Madagascar","Africa","Eastern Africa","GBR",-3.435973,55.378051,"United Kingdom","Europe","Northern Europe",30000,2000,300,1,3,"corn","jatropha","vegetables","0","0","0","0","0",0,0,0,0,0,0,0,0,0,0,0,0,0,0,0,0,0,0,0,0,0,0,0,100,0,0,0,0,0,0,0,0,0,0,0,0,100,0,0,0,0,0,0,0,0,0,0,0,0,0,0,0,0,0,0,0,0,0,0,0,0,0,0,0,0,0,0,0,0,0,0,0,0,0,100,0,0
"46",46,1338,"GHA",-1.023194,7.946527,"Ghana","Africa","Western Africa","GBR",-3.435973,55.378051,"United Kingdom","Europe","Northern Europe",60000,25000,2.5,2,1,"jatropha","0","0","0","0","0","0","0",0,0,0,0,0,0,0,0,0,0,0,0,0,0,0,0,0,0,0,0,0,0,0,0,0,0,0,0,0,0,0,0,0,0,0,0,2.5,0,0,0,0,0,0,0,0,0,0,0,0,0,0,0,0,0,0,0,0,0,0,0,0,0,0,0,0,0,0,0,0,0,0,0,0,0,0,0,0
"47",47,4281,"TZA",34.888822,-6.369028,"Tanzania","Africa","Eastern Africa","GBR",-3.435973,55.378051,"United Kingdom","Europe","Northern Europe",2500,7295,1000,1,2,"banana","vegetables","0","0","0","0","0","0",0,0,0,0,0,0,0,0,0,0,500,0,0,0,0,0,0,0,0,0,0,0,0,0,0,0,0,0,0,0,0,0,0,0,0,0,0,0,0,0,0,0,0,0,0,0,0,0,0,0,0,0,0,0,0,0,0,0,0,0,0,0,0,0,0,0,0,0,0,0,0,0,0,0,500,0,0
"48",48,4287,"ZMB",27.849332,-13.133897,"Zambia","Africa","Eastern Africa","GBR",-3.435973,55.378051,"United Kingdom","Europe","Northern Europe",0,1575,148,1,8,"onion","barley","tomatoes","sorghum","sunflower","potatoes","soybeans","wheat",0,0,0,0,0,0,0,0,0,0,0,18.5,0,0,0,0,0,0,0,0,0,0,0,0,0,0,0,0,0,0,0,0,0,0,0,0,0,0,0,0,0,0,0,0,18.5,0,0,0,0,0,0,0,0,18.5,0,0,0,0,0,0,0,0,18.5,18.5,0,0,0,18.5,0,0,0,0,18.5,0,0,0,18.5
"49",49,1839,"TZA",34.888822,-6.369028,"Tanzania","Africa","Eastern Africa","GBR",-3.435973,55.378051,"United Kingdom","Europe","Northern Europe",0,2909,1500,2,1,"rice","0","0","0","0","0","0","0",0,0,0,0,0,0,0,0,0,0,0,0,0,0,0,0,0,0,0,0,0,0,0,0,0,0,0,0,0,0,0,0,0,0,0,0,0,0,0,0,0,0,0,0,0,0,0,0,0,0,0,0,0,0,0,0,1500,0,0,0,0,0,0,0,0,0,0,0,0,0,0,0,0,0,0,0,0
"50",50,1393,"LBR",-9.429499,6.428055,"Liberia","Africa","Western Africa","GBR",-3.435973,55.378051,"United Kingdom","Europe","Northern Europe",24079,34398,1200,1,1,"oil.palm","0","0","0","0","0","0","0",0,0,0,0,0,0,0,0,0,0,0,0,0,0,0,0,0,0,0,0,0,0,0,0,0,0,0,0,0,0,0,0,0,0,0,0,0,0,0,0,1200,0,0,0,0,0,0,0,0,0,0,0,0,0,0,0,0,0,0,0,0,0,0,0,0,0,0,0,0,0,0,0,0,0,0,0,0
"51",51,2271,"MOZ",35.529562,-18.665695,"Mozambique","Africa","Eastern Africa","GBR",-3.435973,55.378051,"United Kingdom","Europe","Northern Europe",5800,5800,2310,1,3,"jatropha","soybeans","food.crops","0","0","0","0","0",0,0,0,0,0,0,0,0,0,0,0,0,0,0,0,0,0,0,0,0,0,0,0,0,0,0,0,0,0,0,770,0,0,0,0,0,770,0,0,0,0,0,0,0,0,0,0,0,0,0,0,0,0,0,0,0,0,0,0,0,0,0,0,770,0,0,0,0,0,0,0,0,0,0,0,0,0
"52",52,1755,"SSD",30.1589303,7.9630921,"South Sudan","Africa","Northern Africa","GBR",-3.435973,55.378051,"United Kingdom","Europe","Northern Europe",0,18640,1489,1,1,"teak","0","0","0","0","0","0","0",0,0,0,0,0,0,0,0,0,0,0,0,0,0,0,0,0,0,0,0,0,0,0,0,0,0,0,0,0,0,0,0,0,0,0,0,0,0,0,0,0,0,0,0,0,0,0,0,0,0,0,0,0,0,0,0,0,0,0,0,0,0,0,0,0,0,0,0,0,0,1489,0,0,0,0,0,0
"53",53,1524,"MOZ",35.529562,-18.665695,"Mozambique","Africa","Eastern Africa","GBR",-3.435973,55.378051,"United Kingdom","Europe","Northern Europe",10000,200,50,1,1,"jatropha","0","0","0","0","0","0","0",0,0,0,0,0,0,0,0,0,0,0,0,0,0,0,0,0,0,0,0,0,0,0,0,0,0,0,0,0,0,0,0,0,0,0,0,50,0,0,0,0,0,0,0,0,0,0,0,0,0,0,0,0,0,0,0,0,0,0,0,0,0,0,0,0,0,0,0,0,0,0,0,0,0,0,0,0
"54",54,3391,"GHA",-1.023194,7.946527,"Ghana","Africa","Western Africa","GHA",-1.023194,7.946527,"Ghana","Africa","Western Africa",0,3000,1199,1,2,"cassava","soybeans","0","0","0","0","0","0",0,0,0,0,0,0,0,0,0,0,0,0,0,0,0,0,599.5,0,0,0,0,0,0,0,0,0,0,0,0,0,0,0,0,0,0,0,0,0,0,0,0,0,0,0,0,0,0,0,0,0,0,0,0,0,0,0,0,0,0,0,0,0,0,599.5,0,0,0,0,0,0,0,0,0,0,0,0,0
"55",55,1338,"GHA",-1.023194,7.946527,"Ghana","Africa","Western Africa","GHA",-1.023194,7.946527,"Ghana","Africa","Western Africa",60000,25000,2.5,2,1,"jatropha","0","0","0","0","0","0","0",0,0,0,0,0,0,0,0,0,0,0,0,0,0,0,0,0,0,0,0,0,0,0,0,0,0,0,0,0,0,0,0,0,0,0,0,2.5,0,0,0,0,0,0,0,0,0,0,0,0,0,0,0,0,0,0,0,0,0,0,0,0,0,0,0,0,0,0,0,0,0,0,0,0,0,0,0,0
"56",56,1348,"GHA",-1.023194,7.946527,"Ghana","Africa","Western Africa","GHA",-1.023194,7.946527,"Ghana","Africa","Western Africa",2500,1075,151.5,2,1,"rice","0","0","0","0","0","0","0",0,0,0,0,0,0,0,0,0,0,0,0,0,0,0,0,0,0,0,0,0,0,0,0,0,0,0,0,0,0,0,0,0,0,0,0,0,0,0,0,0,0,0,0,0,0,0,0,0,0,0,0,0,0,0,0,151.5,0,0,0,0,0,0,0,0,0,0,0,0,0,0,0,0,0,0,0,0
"57",57,3005,"SLE",-11.779889,8.460555,"Sierra Leone","Africa","Western Africa","IND",78.96288,20.593684,"India","Asia","Southern Asia",46000,41582,870,1,1,"oil.palm","0","0","0","0","0","0","0",0,0,0,0,0,0,0,0,0,0,0,0,0,0,0,0,0,0,0,0,0,0,0,0,0,0,0,0,0,0,0,0,0,0,0,0,0,0,0,0,870,0,0,0,0,0,0,0,0,0,0,0,0,0,0,0,0,0,0,0,0,0,0,0,0,0,0,0,0,0,0,0,0,0,0,0,0
"58",58,3334,"MDG",46.869107,-18.766947,"Madagascar","Africa","Eastern Africa","IND",78.96288,20.593684,"India","Asia","Southern Asia",3000,3000,125,2,1,"food.crops","0","0","0","0","0","0","0",0,0,0,0,0,0,0,0,0,0,0,0,0,0,0,0,0,0,0,0,0,0,0,0,0,0,0,0,0,0,125,0,0,0,0,0,0,0,0,0,0,0,0,0,0,0,0,0,0,0,0,0,0,0,0,0,0,0,0,0,0,0,0,0,0,0,0,0,0,0,0,0,0,0,0,0,0
"59",59,3776,"UGA",32.290275,1.373333,"Uganda","Africa","Eastern Africa","IND",78.96288,20.593684,"India","Asia","Southern Asia",0,4404,3032,1,2,"eucalyptus","tea","0","0","0","0","0","0",0,0,0,0,0,0,0,0,0,0,0,0,0,0,0,0,0,0,0,0,0,0,0,0,0,0,0,1516,0,0,0,0,0,0,0,0,0,0,0,0,0,0,0,0,0,0,0,0,0,0,0,0,0,0,0,0,0,0,0,0,0,0,0,0,0,0,0,0,0,1516,0,0,0,0,0,0,0
"60",60,3038,"MOZ",35.529562,-18.665695,"Mozambique","Africa","Eastern Africa","IND",78.96288,20.593684,"India","Asia","Southern Asia",1200,1200,500,1,2,"tea","eucalyptus","0","0","0","0","0","0",0,0,0,0,0,0,0,0,0,0,0,0,0,0,0,0,0,0,0,0,0,0,0,0,0,0,0,250,0,0,0,0,0,0,0,0,0,0,0,0,0,0,0,0,0,0,0,0,0,0,0,0,0,0,0,0,0,0,0,0,0,0,0,0,0,0,0,0,0,250,0,0,0,0,0,0,0
"61",61,1958,"UGA",32.290275,1.373333,"Uganda","Africa","Eastern Africa","IND",78.96288,20.593684,"India","Asia","Southern Asia",0,0,5000,2,1,"sugar.cane","0","0","0","0","0","0","0",0,0,0,0,0,0,0,0,0,0,0,0,0,0,0,0,0,0,0,0,0,0,0,0,0,0,0,0,0,0,0,0,0,0,0,0,0,0,0,0,0,0,0,0,0,0,0,0,0,0,0,0,0,0,0,0,0,0,0,0,0,0,0,0,0,0,5000,0,0,0,0,0,0,0,0,0,0
"62",62,1428,"MDG",46.869107,-18.766947,"Madagascar","Africa","Eastern Africa","IND",78.96288,20.593684,"India","Asia","Southern Asia",5000,5000,1000,1,1,"corn","0","0","0","0","0","0","0",0,0,0,0,0,0,0,0,0,0,0,0,0,0,0,0,0,0,0,0,0,0,0,1000,0,0,0,0,0,0,0,0,0,0,0,0,0,0,0,0,0,0,0,0,0,0,0,0,0,0,0,0,0,0,0,0,0,0,0,0,0,0,0,0,0,0,0,0,0,0,0,0,0,0,0,0,0
"63",63,3037,"MOZ",35.529562,-18.665695,"Mozambique","Africa","Eastern Africa","IND",78.96288,20.593684,"India","Asia","Southern Asia",6000,6000,2000,1,1,"tea","0","0","0","0","0","0","0",0,0,0,0,0,0,0,0,0,0,0,0,0,0,0,0,0,0,0,0,0,0,0,0,0,0,0,0,0,0,0,0,0,0,0,0,0,0,0,0,0,0,0,0,0,0,0,0,0,0,0,0,0,0,0,0,0,0,0,0,0,0,0,0,0,0,0,0,0,2000,0,0,0,0,0,0,0
"64",64,1323,"GHA",-1.023194,7.946527,"Ghana","Africa","Western Africa","ISR",34.851612,31.046051,"Israel","Asia","Western Asia",0,1e+05,1000,1,1,"jatropha","0","0","0","0","0","0","0",0,0,0,0,0,0,0,0,0,0,0,0,0,0,0,0,0,0,0,0,0,0,0,0,0,0,0,0,0,0,0,0,0,0,0,0,1000,0,0,0,0,0,0,0,0,0,0,0,0,0,0,0,0,0,0,0,0,0,0,0,0,0,0,0,0,0,0,0,0,0,0,0,0,0,0,0,0
"65",65,3272,"CIV",-5.54708,7.539989,"Cote d'Ivoire","Africa","Western Africa","ISR",34.851612,31.046051,"Israel","Asia","Western Asia",14500,2500,950,2,1,"oil.palm","0","0","0","0","0","0","0",0,0,0,0,0,0,0,0,0,0,0,0,0,0,0,0,0,0,0,0,0,0,0,0,0,0,0,0,0,0,0,0,0,0,0,0,0,0,0,0,950,0,0,0,0,0,0,0,0,0,0,0,0,0,0,0,0,0,0,0,0,0,0,0,0,0,0,0,0,0,0,0,0,0,0,0,0
"66",66,1454,"MDG",46.869107,-18.766947,"Madagascar","Africa","Eastern Africa","ITA",12.56738,41.87194,"Italy","Europe","Southern Europe",1e+05,6558,2000,1,1,"jatropha","0","0","0","0","0","0","0",0,0,0,0,0,0,0,0,0,0,0,0,0,0,0,0,0,0,0,0,0,0,0,0,0,0,0,0,0,0,0,0,0,0,0,0,2000,0,0,0,0,0,0,0,0,0,0,0,0,0,0,0,0,0,0,0,0,0,0,0,0,0,0,0,0,0,0,0,0,0,0,0,0,0,0,0,0
"67",67,1548,"MOZ",35.529562,-18.665695,"Mozambique","Africa","Eastern Africa","ITA",12.56738,41.87194,"Italy","Europe","Southern Europe",0,10000,150,1,1,"jatropha","0","0","0","0","0","0","0",0,0,0,0,0,0,0,0,0,0,0,0,0,0,0,0,0,0,0,0,0,0,0,0,0,0,0,0,0,0,0,0,0,0,0,0,150,0,0,0,0,0,0,0,0,0,0,0,0,0,0,0,0,0,0,0,0,0,0,0,0,0,0,0,0,0,0,0,0,0,0,0,0,0,0,0,0
"68",68,1554,"MOZ",35.529562,-18.665695,"Mozambique","Africa","Eastern Africa","ITA",12.56738,41.87194,"Italy","Europe","Southern Europe",40000,6300,310,1,2,"sunflower","jatropha","0","0","0","0","0","0",0,0,0,0,0,0,0,0,0,0,0,0,0,0,0,0,0,0,0,0,0,0,0,0,0,0,0,0,0,0,0,0,0,0,0,0,155,0,0,0,0,0,0,0,0,0,0,0,0,0,0,0,0,0,0,0,0,0,0,0,0,0,0,0,0,0,0,155,0,0,0,0,0,0,0,0,0
"69",69,1383,"KEN",37.906193,-0.023559,"Kenya","Africa","Eastern Africa","KEN",37.906193,-0.023559,"Kenya","Africa","Eastern Africa",5000,0,250,1,1,"corn","0","0","0","0","0","0","0",0,0,0,0,0,0,0,0,0,0,0,0,0,0,0,0,0,0,0,0,0,0,0,250,0,0,0,0,0,0,0,0,0,0,0,0,0,0,0,0,0,0,0,0,0,0,0,0,0,0,0,0,0,0,0,0,0,0,0,0,0,0,0,0,0,0,0,0,0,0,0,0,0,0,0,0,0
"70",70,1976,"UGA",32.290275,1.373333,"Uganda","Africa","Eastern Africa","KEN",37.906193,-0.023559,"Kenya","Africa","Eastern Africa",20000,3250,3750,2,1,"oil.palm","0","0","0","0","0","0","0",0,0,0,0,0,0,0,0,0,0,0,0,0,0,0,0,0,0,0,0,0,0,0,0,0,0,0,0,0,0,0,0,0,0,0,0,0,0,0,0,3750,0,0,0,0,0,0,0,0,0,0,0,0,0,0,0,0,0,0,0,0,0,0,0,0,0,0,0,0,0,0,0,0,0,0,0,0
"71",71,2371,"SLE",-11.779889,8.460555,"Sierra Leone","Africa","Western Africa","LUX",6.129583,49.815273,"Luxembourg","Europe","Western Europe",12000,6579,3125,1,2,"oil.palm","rubber","0","0","0","0","0","0",0,0,0,0,0,0,0,0,0,0,0,0,0,0,0,0,0,0,0,0,0,0,0,0,0,0,0,0,0,0,0,0,0,0,0,0,0,0,0,0,1562.5,0,0,0,0,0,0,0,0,0,0,0,0,0,0,0,0,0,1562.5,0,0,0,0,0,0,0,0,0,0,0,0,0,0,0,0,0,0
"72",72,3458,"LBR",-9.429499,6.428055,"Liberia","Africa","Western Africa","LUX",6.129583,49.815273,"Luxembourg","Europe","Western Europe",8000,8000,4297,1,1,"rubber","0","0","0","0","0","0","0",0,0,0,0,0,0,0,0,0,0,0,0,0,0,0,0,0,0,0,0,0,0,0,0,0,0,0,0,0,0,0,0,0,0,0,0,0,0,0,0,0,0,0,0,0,0,0,0,0,0,0,0,0,0,0,0,0,0,4297,0,0,0,0,0,0,0,0,0,0,0,0,0,0,0,0,0,0
"73",73,1189,"ETH",40.489673,9.145,"Ethiopia","Africa","Eastern Africa","LUX",6.129583,49.815273,"Luxembourg","Europe","Western Europe",28000,1900,500,2,2,"peas","castor.oil","0","0","0","0","0","0",0,0,0,0,0,0,0,0,0,0,0,0,0,0,0,0,0,250,0,0,0,0,0,0,0,0,0,0,0,0,0,0,0,0,0,0,0,0,0,0,0,0,0,0,0,0,0,0,250,0,0,0,0,0,0,0,0,0,0,0,0,0,0,0,0,0,0,0,0,0,0,0,0,0,0,0,0
"74",74,3334,"MDG",46.869107,-18.766947,"Madagascar","Africa","Eastern Africa","MDG",46.869107,-18.766947,"Madagascar","Africa","Eastern Africa",3000,3000,125,2,1,"food.crops","0","0","0","0","0","0","0",0,0,0,0,0,0,0,0,0,0,0,0,0,0,0,0,0,0,0,0,0,0,0,0,0,0,0,0,0,0,125,0,0,0,0,0,0,0,0,0,0,0,0,0,0,0,0,0,0,0,0,0,0,0,0,0,0,0,0,0,0,0,0,0,0,0,0,0,0,0,0,0,0,0,0,0,0
"75",75,1425,"MDG",46.869107,-18.766947,"Madagascar","Africa","Eastern Africa","MDG",46.869107,-18.766947,"Madagascar","Africa","Eastern Africa",1500,1500,210,2,1,"jatropha","0","0","0","0","0","0","0",0,0,0,0,0,0,0,0,0,0,0,0,0,0,0,0,0,0,0,0,0,0,0,0,0,0,0,0,0,0,0,0,0,0,0,0,210,0,0,0,0,0,0,0,0,0,0,0,0,0,0,0,0,0,0,0,0,0,0,0,0,0,0,0,0,0,0,0,0,0,0,0,0,0,0,0,0
"76",76,3336,"MDG",46.869107,-18.766947,"Madagascar","Africa","Eastern Africa","MDG",46.869107,-18.766947,"Madagascar","Africa","Eastern Africa",15000,0,100,1,2,"peanut","food.crops","0","0","0","0","0","0",0,0,0,0,0,0,0,0,0,0,0,0,0,0,0,0,0,0,0,0,0,0,0,0,0,0,0,0,0,0,50,0,0,0,0,0,0,0,0,0,0,0,0,0,0,0,0,50,0,0,0,0,0,0,0,0,0,0,0,0,0,0,0,0,0,0,0,0,0,0,0,0,0,0,0,0,0
"77",77,1447,"MDG",46.869107,-18.766947,"Madagascar","Africa","Eastern Africa","MDG",46.869107,-18.766947,"Madagascar","Africa","Eastern Africa",20000,0,4,1,1,"sugar.cane","0","0","0","0","0","0","0",0,0,0,0,0,0,0,0,0,0,0,0,0,0,0,0,0,0,0,0,0,0,0,0,0,0,0,0,0,0,0,0,0,0,0,0,0,0,0,0,0,0,0,0,0,0,0,0,0,0,0,0,0,0,0,0,0,0,0,0,0,0,0,0,0,0,4,0,0,0,0,0,0,0,0,0,0
"78",78,1586,"MOZ",35.529562,-18.665695,"Mozambique","Africa","Eastern Africa","MOZ",35.529562,-18.665695,"Mozambique","Africa","Eastern Africa",48558.5,11800,5301.5,2,2,"eucalyptus","pine","0","0","0","0","0","0",0,0,0,0,0,0,0,0,0,0,0,0,0,0,0,0,0,0,0,0,0,0,0,0,0,0,0,2650.8,0,0,0,0,0,0,0,0,0,0,0,0,0,0,0,0,0,0,0,0,0,0,2650.8,0,0,0,0,0,0,0,0,0,0,0,0,0,0,0,0,0,0,0,0,0,0,0,0,0,0
"79",79,1572,"MOZ",35.529562,-18.665695,"Mozambique","Africa","Eastern Africa","MOZ",35.529562,-18.665695,"Mozambique","Africa","Eastern Africa",11500,5000,400,2,3,"sunflower","oil.seeds","soybeans","0","0","0","0","0",0,0,0,0,0,0,0,0,0,0,0,0,0,0,0,0,0,0,0,0,0,0,0,0,0,0,0,0,0,0,0,0,0,0,0,0,0,0,0,0,0,133.3,0,0,0,0,0,0,0,0,0,0,0,0,0,0,0,0,0,0,0,0,0,133.3,0,0,0,133.3,0,0,0,0,0,0,0,0,0
"80",80,2376,"MOZ",35.529562,-18.665695,"Mozambique","Africa","Eastern Africa","MOZ",35.529562,-18.665695,"Mozambique","Africa","Eastern Africa",46666.6666666667,9656.66666666667,5000,3,2,"eucalyptus","pine","0","0","0","0","0","0",0,0,0,0,0,0,0,0,0,0,0,0,0,0,0,0,0,0,0,0,0,0,0,0,0,0,0,2500,0,0,0,0,0,0,0,0,0,0,0,0,0,0,0,0,0,0,0,0,0,0,2500,0,0,0,0,0,0,0,0,0,0,0,0,0,0,0,0,0,0,0,0,0,0,0,0,0,0
"81",81,1546,"MOZ",35.529562,-18.665695,"Mozambique","Africa","Eastern Africa","MOZ",35.529562,-18.665695,"Mozambique","Africa","Eastern Africa",66666.6666666667,66666.6666666667,533.333333333333,3,1,"eucalyptus","0","0","0","0","0","0","0",0,0,0,0,0,0,0,0,0,0,0,0,0,0,0,0,0,0,0,0,0,0,0,0,0,0,0,533.3,0,0,0,0,0,0,0,0,0,0,0,0,0,0,0,0,0,0,0,0,0,0,0,0,0,0,0,0,0,0,0,0,0,0,0,0,0,0,0,0,0,0,0,0,0,0,0,0,0
"82",82,1545,"MOZ",35.529562,-18.665695,"Mozambique","Africa","Eastern Africa","MOZ",35.529562,-18.665695,"Mozambique","Africa","Eastern Africa",16000,16000,740,5,2,"eucalyptus","pine","0","0","0","0","0","0",0,0,0,0,0,0,0,0,0,0,0,0,0,0,0,0,0,0,0,0,0,0,0,0,0,0,0,370,0,0,0,0,0,0,0,0,0,0,0,0,0,0,0,0,0,0,0,0,0,0,370,0,0,0,0,0,0,0,0,0,0,0,0,0,0,0,0,0,0,0,0,0,0,0,0,0,0
"83",83,1547,"MOZ",35.529562,-18.665695,"Mozambique","Africa","Eastern Africa","MOZ",35.529562,-18.665695,"Mozambique","Africa","Eastern Africa",36400,36400,630,5,1,"teak","0","0","0","0","0","0","0",0,0,0,0,0,0,0,0,0,0,0,0,0,0,0,0,0,0,0,0,0,0,0,0,0,0,0,0,0,0,0,0,0,0,0,0,0,0,0,0,0,0,0,0,0,0,0,0,0,0,0,0,0,0,0,0,0,0,0,0,0,0,0,0,0,0,0,0,0,0,630,0,0,0,0,0,0
"84",84,3889,"TZA",34.888822,-6.369028,"Tanzania","Africa","Eastern Africa","MUS",57.552152,-20.348404,"Mauritius","Africa","Eastern Africa",15800,15800,7700,1,1,"sugar.cane","0","0","0","0","0","0","0",0,0,0,0,0,0,0,0,0,0,0,0,0,0,0,0,0,0,0,0,0,0,0,0,0,0,0,0,0,0,0,0,0,0,0,0,0,0,0,0,0,0,0,0,0,0,0,0,0,0,0,0,0,0,0,0,0,0,0,0,0,0,0,0,0,0,7700,0,0,0,0,0,0,0,0,0,0
"85",85,1388,"LBR",-9.429499,6.428055,"Liberia","Africa","Western Africa","MYS",101.975766,4.210484,"Malaysia","Asia","South-Eastern Asia",311987,220000,5021,1,2,"oil.palm","rubber","0","0","0","0","0","0",0,0,0,0,0,0,0,0,0,0,0,0,0,0,0,0,0,0,0,0,0,0,0,0,0,0,0,0,0,0,0,0,0,0,0,0,0,0,0,0,2510.5,0,0,0,0,0,0,0,0,0,0,0,0,0,0,0,0,0,2510.5,0,0,0,0,0,0,0,0,0,0,0,0,0,0,0,0,0,0
"86",86,1652,"NAM",18.49041,-22.95764,"Namibia","Africa","Southern Africa","NAM",18.49041,-22.95764,"Namibia","Africa","Southern Africa",0,110,7.5,2,2,"grapes","palms","0","0","0","0","0","0",0,0,0,0,0,0,0,0,0,0,0,0,0,0,0,0,0,0,0,0,0,0,0,0,0,0,0,0,0,0,0,0,0,0,3.8,0,0,0,0,0,0,0,0,0,0,3.8,0,0,0,0,0,0,0,0,0,0,0,0,0,0,0,0,0,0,0,0,0,0,0,0,0,0,0,0,0,0,0
"87",87,1691,"NGA",8.675277,9.081999,"Nigeria","Africa","Western Africa","NGA",8.675277,9.081999,"Nigeria","Africa","Western Africa",756,756,350,1,3,"corn","grains","soybeans","0","0","0","0","0",0,0,0,0,0,0,0,0,0,0,0,0,0,0,0,0,0,0,0,0,0,0,0,116.7,0,0,0,0,0,0,0,0,0,116.7,0,0,0,0,0,0,0,0,0,0,0,0,0,0,0,0,0,0,0,0,0,0,0,0,0,0,0,0,0,116.7,0,0,0,0,0,0,0,0,0,0,0,0,0
"88",88,3075,"NGA",8.675277,9.081999,"Nigeria","Africa","Western Africa","NGA",8.675277,9.081999,"Nigeria","Africa","Western Africa",6000,6000,6000,2,1,"rubber","0","0","0","0","0","0","0",0,0,0,0,0,0,0,0,0,0,0,0,0,0,0,0,0,0,0,0,0,0,0,0,0,0,0,0,0,0,0,0,0,0,0,0,0,0,0,0,0,0,0,0,0,0,0,0,0,0,0,0,0,0,0,0,0,0,6000,0,0,0,0,0,0,0,0,0,0,0,0,0,0,0,0,0,0
"89",89,1319,"ETH",40.489673,9.145,"Ethiopia","Africa","Eastern Africa","NLD",5.291266,52.132633,"Netherlands","Europe","Western Europe",25000,100,100,2,1,"jatropha","0","0","0","0","0","0","0",0,0,0,0,0,0,0,0,0,0,0,0,0,0,0,0,0,0,0,0,0,0,0,0,0,0,0,0,0,0,0,0,0,0,0,0,100,0,0,0,0,0,0,0,0,0,0,0,0,0,0,0,0,0,0,0,0,0,0,0,0,0,0,0,0,0,0,0,0,0,0,0,0,0,0,0,0
"90",90,1545,"MOZ",35.529562,-18.665695,"Mozambique","Africa","Eastern Africa","NLD",5.291266,52.132633,"Netherlands","Europe","Western Europe",16000,16000,740,5,2,"eucalyptus","pine","0","0","0","0","0","0",0,0,0,0,0,0,0,0,0,0,0,0,0,0,0,0,0,0,0,0,0,0,0,0,0,0,0,370,0,0,0,0,0,0,0,0,0,0,0,0,0,0,0,0,0,0,0,0,0,0,370,0,0,0,0,0,0,0,0,0,0,0,0,0,0,0,0,0,0,0,0,0,0,0,0,0,0
"91",91,1820,"SLE",-11.779889,8.460555,"Sierra Leone","Africa","Western Africa","NLD",5.291266,52.132633,"Netherlands","Europe","Western Europe",450,200,50,1,3,"rice","sesame","sorghum","0","0","0","0","0",0,0,0,0,0,0,0,0,0,0,0,0,0,0,0,0,0,0,0,0,0,0,0,0,0,0,0,0,0,0,0,0,0,0,0,0,0,0,0,0,0,0,0,0,0,0,0,0,0,0,0,0,0,0,0,0,16.7,0,0,0,0,16.7,16.7,0,0,0,0,0,0,0,0,0,0,0,0,0,0
"92",92,3389,"GHA",-1.023194,7.946527,"Ghana","Africa","Western Africa","NLD",5.291266,52.132633,"Netherlands","Europe","Western Europe",20000,3500,3500,1,1,"teak","0","0","0","0","0","0","0",0,0,0,0,0,0,0,0,0,0,0,0,0,0,0,0,0,0,0,0,0,0,0,0,0,0,0,0,0,0,0,0,0,0,0,0,0,0,0,0,0,0,0,0,0,0,0,0,0,0,0,0,0,0,0,0,0,0,0,0,0,0,0,0,0,0,0,0,0,0,3500,0,0,0,0,0,0
"93",93,1547,"MOZ",35.529562,-18.665695,"Mozambique","Africa","Eastern Africa","NLD",5.291266,52.132633,"Netherlands","Europe","Western Europe",36400,36400,630,5,1,"teak","0","0","0","0","0","0","0",0,0,0,0,0,0,0,0,0,0,0,0,0,0,0,0,0,0,0,0,0,0,0,0,0,0,0,0,0,0,0,0,0,0,0,0,0,0,0,0,0,0,0,0,0,0,0,0,0,0,0,0,0,0,0,0,0,0,0,0,0,0,0,0,0,0,0,0,0,0,630,0,0,0,0,0,0
"94",94,3156,"UGA",32.290275,1.373333,"Uganda","Africa","Eastern Africa","NOR",8.468946,60.472024,"Norway","Europe","Northern Europe",2670,2669,2016,1,2,"eucalyptus","pine","0","0","0","0","0","0",0,0,0,0,0,0,0,0,0,0,0,0,0,0,0,0,0,0,0,0,0,0,0,0,0,0,0,1008,0,0,0,0,0,0,0,0,0,0,0,0,0,0,0,0,0,0,0,0,0,0,1008,0,0,0,0,0,0,0,0,0,0,0,0,0,0,0,0,0,0,0,0,0,0,0,0,0,0
"95",95,1570,"MOZ",35.529562,-18.665695,"Mozambique","Africa","Eastern Africa","NOR",8.468946,60.472024,"Norway","Europe","Northern Europe",126000,126000,1650,1,2,"accacia","eucalyptus","0","0","0","0","0","0",0,0,0,825,0,0,0,0,0,0,0,0,0,0,0,0,0,0,0,0,0,0,0,0,0,0,0,825,0,0,0,0,0,0,0,0,0,0,0,0,0,0,0,0,0,0,0,0,0,0,0,0,0,0,0,0,0,0,0,0,0,0,0,0,0,0,0,0,0,0,0,0,0,0,0,0,0
"96",96,2241,"GHA",-1.023194,7.946527,"Ghana","Africa","Western Africa","NOR",8.468946,60.472024,"Norway","Europe","Northern Europe",4e+05,13000,10000,1,3,"corn","jatropha","soybeans","0","0","0","0","0",0,0,0,0,0,0,0,0,0,0,0,0,0,0,0,0,0,0,0,0,0,0,0,3333.3,0,0,0,0,0,0,0,0,0,0,0,0,3333.3,0,0,0,0,0,0,0,0,0,0,0,0,0,0,0,0,0,0,0,0,0,0,0,0,0,0,3333.3,0,0,0,0,0,0,0,0,0,0,0,0,0
"97",97,1430,"MDG",46.869107,-18.766947,"Madagascar","Africa","Eastern Africa","NOR",8.468946,60.472024,"Norway","Europe","Northern Europe",20000,0,250,1,3,"accacia","eucalyptus","trees","0","0","0","0","0",0,0,0,83.3,0,0,0,0,0,0,0,0,0,0,0,0,0,0,0,0,0,0,0,0,0,0,0,83.3,0,0,0,0,0,0,0,0,0,0,0,0,0,0,0,0,0,0,0,0,0,0,0,0,0,0,0,0,0,0,0,0,0,0,0,0,0,0,0,0,0,0,0,0,0,83.3,0,0,0
"98",98,1547,"MOZ",35.529562,-18.665695,"Mozambique","Africa","Eastern Africa","NOR",8.468946,60.472024,"Norway","Europe","Northern Europe",36400,36400,630,5,1,"teak","0","0","0","0","0","0","0",0,0,0,0,0,0,0,0,0,0,0,0,0,0,0,0,0,0,0,0,0,0,0,0,0,0,0,0,0,0,0,0,0,0,0,0,0,0,0,0,0,0,0,0,0,0,0,0,0,0,0,0,0,0,0,0,0,0,0,0,0,0,0,0,0,0,0,0,0,0,630,0,0,0,0,0,0
"99",99,1545,"MOZ",35.529562,-18.665695,"Mozambique","Africa","Eastern Africa","NOR",8.468946,60.472024,"Norway","Europe","Northern Europe",16000,16000,740,5,2,"eucalyptus","pine","0","0","0","0","0","0",0,0,0,0,0,0,0,0,0,0,0,0,0,0,0,0,0,0,0,0,0,0,0,0,0,0,0,370,0,0,0,0,0,0,0,0,0,0,0,0,0,0,0,0,0,0,0,0,0,0,370,0,0,0,0,0,0,0,0,0,0,0,0,0,0,0,0,0,0,0,0,0,0,0,0,0,0
"100",100,2375,"MOZ",35.529562,-18.665695,"Mozambique","Africa","Eastern Africa","NOR",8.468946,60.472024,"Norway","Europe","Northern Europe",0,4800,1825,1,3,"eucalyptus","pine","trees","0","0","0","0","0",0,0,0,0,0,0,0,0,0,0,0,0,0,0,0,0,0,0,0,0,0,0,0,0,0,0,0,608.3,0,0,0,0,0,0,0,0,0,0,0,0,0,0,0,0,0,0,0,0,0,0,608.3,0,0,0,0,0,0,0,0,0,0,0,0,0,0,0,0,0,0,0,0,0,0,608.3,0,0,0
"101",101,1305,"ETH",40.489673,9.145,"Ethiopia","Africa","Eastern Africa","PAK",69.345116,30.375321,"Pakistan","Asia","Southern Asia",70000,28000,26000,1,1,"sugar.cane","0","0","0","0","0","0","0",0,0,0,0,0,0,0,0,0,0,0,0,0,0,0,0,0,0,0,0,0,0,0,0,0,0,0,0,0,0,0,0,0,0,0,0,0,0,0,0,0,0,0,0,0,0,0,0,0,0,0,0,0,0,0,0,0,0,0,0,0,0,0,0,0,0,26000,0,0,0,0,0,0,0,0,0,0
"102",102,1426,"MDG",46.869107,-18.766947,"Madagascar","Africa","Eastern Africa","PAN",-80.782127,8.537981,"Panama","Americas","Central America",7500,0,75,2,2,"oil.seeds","jatropha","0","0","0","0","0","0",0,0,0,0,0,0,0,0,0,0,0,0,0,0,0,0,0,0,0,0,0,0,0,0,0,0,0,0,0,0,0,0,0,0,0,0,37.5,0,0,0,0,37.5,0,0,0,0,0,0,0,0,0,0,0,0,0,0,0,0,0,0,0,0,0,0,0,0,0,0,0,0,0,0,0,0,0,0,0
"103",103,1577,"MOZ",35.529562,-18.665695,"Mozambique","Africa","Eastern Africa","PRT",-8.224454,39.399872,"Portugal","Europe","Southern Europe",0,9234,3000,1,3,"sunflower","corn","soybeans","0","0","0","0","0",0,0,0,0,0,0,0,0,0,0,0,0,0,0,0,0,0,0,0,0,0,0,0,1000,0,0,0,0,0,0,0,0,0,0,0,0,0,0,0,0,0,0,0,0,0,0,0,0,0,0,0,0,0,0,0,0,0,0,0,0,0,0,0,1000,0,0,0,1000,0,0,0,0,0,0,0,0,0
"104",104,3893,"MOZ",35.529562,-18.665695,"Mozambique","Africa","Eastern Africa","PRT",-8.224454,39.399872,"Portugal","Europe","Southern Europe",212000,182886,2000,1,1,"eucalyptus","0","0","0","0","0","0","0",0,0,0,0,0,0,0,0,0,0,0,0,0,0,0,0,0,0,0,0,0,0,0,0,0,0,0,2000,0,0,0,0,0,0,0,0,0,0,0,0,0,0,0,0,0,0,0,0,0,0,0,0,0,0,0,0,0,0,0,0,0,0,0,0,0,0,0,0,0,0,0,0,0,0,0,0,0
"105",105,3003,"SLE",-11.779889,8.460555,"Sierra Leone","Africa","Western Africa","PRT",-8.224454,39.399872,"Portugal","Europe","Southern Europe",126000,126000,500,1,4,"cassava","oil.palm","pineapple","rice","0","0","0","0",0,0,0,0,0,0,0,0,0,0,0,0,0,0,0,0,125,0,0,0,0,0,0,0,0,0,0,0,0,0,0,0,0,0,0,0,0,0,0,0,125,0,0,0,0,0,0,0,0,0,0,125,0,0,0,0,125,0,0,0,0,0,0,0,0,0,0,0,0,0,0,0,0,0,0,0,0
"106",106,1563,"MOZ",35.529562,-18.665695,"Mozambique","Africa","Eastern Africa","PRT",-8.224454,39.399872,"Portugal","Europe","Southern Europe",0,10000,200,1,1,"jatropha","0","0","0","0","0","0","0",0,0,0,0,0,0,0,0,0,0,0,0,0,0,0,0,0,0,0,0,0,0,0,0,0,0,0,0,0,0,0,0,0,0,0,0,200,0,0,0,0,0,0,0,0,0,0,0,0,0,0,0,0,0,0,0,0,0,0,0,0,0,0,0,0,0,0,0,0,0,0,0,0,0,0,0,0
"107",107,1572,"MOZ",35.529562,-18.665695,"Mozambique","Africa","Eastern Africa","PRT",-8.224454,39.399872,"Portugal","Europe","Southern Europe",11500,5000,400,2,3,"sunflower","oil.seeds","soybeans","0","0","0","0","0",0,0,0,0,0,0,0,0,0,0,0,0,0,0,0,0,0,0,0,0,0,0,0,0,0,0,0,0,0,0,0,0,0,0,0,0,0,0,0,0,0,133.3,0,0,0,0,0,0,0,0,0,0,0,0,0,0,0,0,0,0,0,0,0,133.3,0,0,0,133.3,0,0,0,0,0,0,0,0,0
"108",108,1235,"ETH",40.489673,9.145,"Ethiopia","Africa","Eastern Africa","SAU",45.079162,23.885942,"Saudi Arabia","Asia","Western Asia",900,900,700,2,1,"pineapple","0","0","0","0","0","0","0",0,0,0,0,0,0,0,0,0,0,0,0,0,0,0,0,0,0,0,0,0,0,0,0,0,0,0,0,0,0,0,0,0,0,0,0,0,0,0,0,0,0,0,0,0,0,0,0,0,0,0,700,0,0,0,0,0,0,0,0,0,0,0,0,0,0,0,0,0,0,0,0,0,0,0,0,0
"109",109,1181,"EGY",30.802498,26.820553,"Egypt","Africa","Northern Africa","SAU",45.079162,23.885942,"Saudi Arabia","Asia","Western Asia",0,42000,6300,1,4,"alfalfa","barley","corn","wheat","0","0","0","0",0,0,0,0,1575,0,0,0,0,0,0,1575,0,0,0,0,0,0,0,0,0,0,0,1575,0,0,0,0,0,0,0,0,0,0,0,0,0,0,0,0,0,0,0,0,0,0,0,0,0,0,0,0,0,0,0,0,0,0,0,0,0,0,0,0,0,0,0,0,0,0,0,0,0,0,0,0,1575
"110",110,3788,"BFA",-1.561593,12.238333,"Burkina Faso","Africa","Western Africa","SGP",103.819836,1.352083,"Singapore","Asia","South-Eastern Asia",2e+05,644,644,1,3,"peanut","sunflower","jatropha","0","0","0","0","0",0,0,0,0,0,0,0,0,0,0,0,0,0,0,0,0,0,0,0,0,0,0,0,0,0,0,0,0,0,0,0,0,0,0,0,0,214.7,0,0,0,0,0,0,0,0,0,0,214.7,0,0,0,0,0,0,0,0,0,0,0,0,0,0,0,0,0,0,0,214.7,0,0,0,0,0,0,0,0,0
"111",111,2289,"MUS",57.552152,-20.348404,"Mauritius","Africa","Eastern Africa","SGP",103.819836,1.352083,"Singapore","Asia","South-Eastern Asia",0,500,330,1,1,"rice","0","0","0","0","0","0","0",0,0,0,0,0,0,0,0,0,0,0,0,0,0,0,0,0,0,0,0,0,0,0,0,0,0,0,0,0,0,0,0,0,0,0,0,0,0,0,0,0,0,0,0,0,0,0,0,0,0,0,0,0,0,0,0,330,0,0,0,0,0,0,0,0,0,0,0,0,0,0,0,0,0,0,0,0
"112",112,3272,"CIV",-5.54708,7.539989,"Cote d'Ivoire","Africa","Western Africa","SGP",103.819836,1.352083,"Singapore","Asia","South-Eastern Asia",14500,2500,950,2,1,"oil.palm","0","0","0","0","0","0","0",0,0,0,0,0,0,0,0,0,0,0,0,0,0,0,0,0,0,0,0,0,0,0,0,0,0,0,0,0,0,0,0,0,0,0,0,0,0,0,0,950,0,0,0,0,0,0,0,0,0,0,0,0,0,0,0,0,0,0,0,0,0,0,0,0,0,0,0,0,0,0,0,0,0,0,0,0
"113",113,3870,"NGA",8.675277,9.081999,"Nigeria","Africa","Western Africa","SGP",103.819836,1.352083,"Singapore","Asia","South-Eastern Asia",6600,6600,500,1,1,"rice","0","0","0","0","0","0","0",0,0,0,0,0,0,0,0,0,0,0,0,0,0,0,0,0,0,0,0,0,0,0,0,0,0,0,0,0,0,0,0,0,0,0,0,0,0,0,0,0,0,0,0,0,0,0,0,0,0,0,0,0,0,0,0,500,0,0,0,0,0,0,0,0,0,0,0,0,0,0,0,0,0,0,0,0
"114",114,3840,"ZMB",27.849332,-13.133897,"Zambia","Africa","Eastern Africa","SGP",103.819836,1.352083,"Singapore","Asia","South-Eastern Asia",5866,5866,1173,1,1,"coffee","0","0","0","0","0","0","0",0,0,0,0,0,0,0,0,0,0,0,0,0,0,0,0,0,0,0,0,0,0,1173,0,0,0,0,0,0,0,0,0,0,0,0,0,0,0,0,0,0,0,0,0,0,0,0,0,0,0,0,0,0,0,0,0,0,0,0,0,0,0,0,0,0,0,0,0,0,0,0,0,0,0,0,0,0
"115",115,1130,"CIV",-5.54708,7.539989,"Cote d'Ivoire","Africa","Western Africa","SGP",103.819836,1.352083,"Singapore","Asia","South-Eastern Asia",19680.5,19680.5,15786.5,2,1,"oil.palm","0","0","0","0","0","0","0",0,0,0,0,0,0,0,0,0,0,0,0,0,0,0,0,0,0,0,0,0,0,0,0,0,0,0,0,0,0,0,0,0,0,0,0,0,0,0,0,15786.5,0,0,0,0,0,0,0,0,0,0,0,0,0,0,0,0,0,0,0,0,0,0,0,0,0,0,0,0,0,0,0,0,0,0,0,0
"116",116,1854,"TZA",34.888822,-6.369028,"Tanzania","Africa","Eastern Africa","SGP",103.819836,1.352083,"Singapore","Asia","South-Eastern Asia",30000,0,2,1,1,"rice","0","0","0","0","0","0","0",0,0,0,0,0,0,0,0,0,0,0,0,0,0,0,0,0,0,0,0,0,0,0,0,0,0,0,0,0,0,0,0,0,0,0,0,0,0,0,0,0,0,0,0,0,0,0,0,0,0,0,0,0,0,0,0,2,0,0,0,0,0,0,0,0,0,0,0,0,0,0,0,0,0,0,0,0
"117",117,3736,"GAB",11.609444,-0.803689,"Gabon","Africa","Middle Africa","SGP",103.819836,1.352083,"Singapore","Asia","South-Eastern Asia",3e+05,3e+05,3e+05,1,1,"trees","0","0","0","0","0","0","0",0,0,0,0,0,0,0,0,0,0,0,0,0,0,0,0,0,0,0,0,0,0,0,0,0,0,0,0,0,0,0,0,0,0,0,0,0,0,0,0,0,0,0,0,0,0,0,0,0,0,0,0,0,0,0,0,0,0,0,0,0,0,0,0,0,0,0,0,0,0,0,0,0,3e+05,0,0,0
"118",118,2372,"SLE",-11.779889,8.460555,"Sierra Leone","Africa","Western Africa","SGP",103.819836,1.352083,"Singapore","Asia","South-Eastern Asia",220000,80000,300,1,1,"oil.palm","0","0","0","0","0","0","0",0,0,0,0,0,0,0,0,0,0,0,0,0,0,0,0,0,0,0,0,0,0,0,0,0,0,0,0,0,0,0,0,0,0,0,0,0,0,0,0,300,0,0,0,0,0,0,0,0,0,0,0,0,0,0,0,0,0,0,0,0,0,0,0,0,0,0,0,0,0,0,0,0,0,0,0,0
"119",119,1976,"UGA",32.290275,1.373333,"Uganda","Africa","Eastern Africa","SGP",103.819836,1.352083,"Singapore","Asia","South-Eastern Asia",20000,3250,3750,2,1,"oil.palm","0","0","0","0","0","0","0",0,0,0,0,0,0,0,0,0,0,0,0,0,0,0,0,0,0,0,0,0,0,0,0,0,0,0,0,0,0,0,0,0,0,0,0,0,0,0,0,3750,0,0,0,0,0,0,0,0,0,0,0,0,0,0,0,0,0,0,0,0,0,0,0,0,0,0,0,0,0,0,0,0,0,0,0,0
"120",120,1745,"SSD",30.1589303,7.9630921,"South Sudan","Africa","Northern Africa","SSD",30.1589303,7.9630921,"South Sudan","Africa","Northern Africa",0,6300,344,1,1,"rice","0","0","0","0","0","0","0",0,0,0,0,0,0,0,0,0,0,0,0,0,0,0,0,0,0,0,0,0,0,0,0,0,0,0,0,0,0,0,0,0,0,0,0,0,0,0,0,0,0,0,0,0,0,0,0,0,0,0,0,0,0,0,0,344,0,0,0,0,0,0,0,0,0,0,0,0,0,0,0,0,0,0,0,0
"121",121,1546,"MOZ",35.529562,-18.665695,"Mozambique","Africa","Eastern Africa","SWE",18.643501,60.128161,"Sweden","Europe","Northern Europe",66666.6666666667,66666.6666666667,533.333333333333,3,1,"eucalyptus","0","0","0","0","0","0","0",0,0,0,0,0,0,0,0,0,0,0,0,0,0,0,0,0,0,0,0,0,0,0,0,0,0,0,533.3,0,0,0,0,0,0,0,0,0,0,0,0,0,0,0,0,0,0,0,0,0,0,0,0,0,0,0,0,0,0,0,0,0,0,0,0,0,0,0,0,0,0,0,0,0,0,0,0,0
"122",122,1545,"MOZ",35.529562,-18.665695,"Mozambique","Africa","Eastern Africa","SWE",18.643501,60.128161,"Sweden","Europe","Northern Europe",16000,16000,740,5,2,"eucalyptus","pine","0","0","0","0","0","0",0,0,0,0,0,0,0,0,0,0,0,0,0,0,0,0,0,0,0,0,0,0,0,0,0,0,0,370,0,0,0,0,0,0,0,0,0,0,0,0,0,0,0,0,0,0,0,0,0,0,370,0,0,0,0,0,0,0,0,0,0,0,0,0,0,0,0,0,0,0,0,0,0,0,0,0,0
"123",123,1895,"TZA",34.888822,-6.369028,"Tanzania","Africa","Eastern Africa","SWE",18.643501,60.128161,"Sweden","Europe","Northern Europe",125000,11250,100,2,1,"sugar.cane","0","0","0","0","0","0","0",0,0,0,0,0,0,0,0,0,0,0,0,0,0,0,0,0,0,0,0,0,0,0,0,0,0,0,0,0,0,0,0,0,0,0,0,0,0,0,0,0,0,0,0,0,0,0,0,0,0,0,0,0,0,0,0,0,0,0,0,0,0,0,0,0,0,100,0,0,0,0,0,0,0,0,0,0
"124",124,1547,"MOZ",35.529562,-18.665695,"Mozambique","Africa","Eastern Africa","SWE",18.643501,60.128161,"Sweden","Europe","Northern Europe",36400,36400,630,5,1,"teak","0","0","0","0","0","0","0",0,0,0,0,0,0,0,0,0,0,0,0,0,0,0,0,0,0,0,0,0,0,0,0,0,0,0,0,0,0,0,0,0,0,0,0,0,0,0,0,0,0,0,0,0,0,0,0,0,0,0,0,0,0,0,0,0,0,0,0,0,0,0,0,0,0,0,0,0,0,630,0,0,0,0,0,0
"125",125,2376,"MOZ",35.529562,-18.665695,"Mozambique","Africa","Eastern Africa","SWE",18.643501,60.128161,"Sweden","Europe","Northern Europe",46666.6666666667,9656.66666666667,5000,3,2,"eucalyptus","pine","0","0","0","0","0","0",0,0,0,0,0,0,0,0,0,0,0,0,0,0,0,0,0,0,0,0,0,0,0,0,0,0,0,2500,0,0,0,0,0,0,0,0,0,0,0,0,0,0,0,0,0,0,0,0,0,0,2500,0,0,0,0,0,0,0,0,0,0,0,0,0,0,0,0,0,0,0,0,0,0,0,0,0,0
"126",126,2398,"TZA",34.888822,-6.369028,"Tanzania","Africa","Eastern Africa","TUR",35.243322,38.963745,"Turkey","Asia","Western Asia",5000,5000,300,1,2,"corn","rice","0","0","0","0","0","0",0,0,0,0,0,0,0,0,0,0,0,0,0,0,0,0,0,0,0,0,0,0,0,150,0,0,0,0,0,0,0,0,0,0,0,0,0,0,0,0,0,0,0,0,0,0,0,0,0,0,0,0,0,0,0,0,150,0,0,0,0,0,0,0,0,0,0,0,0,0,0,0,0,0,0,0,0
"127",127,1880,"TZA",34.888822,-6.369028,"Tanzania","Africa","Eastern Africa","TZA",34.888822,-6.369028,"Tanzania","Africa","Eastern Africa",0,7000,200,1,2,"sunflower","jatropha","0","0","0","0","0","0",0,0,0,0,0,0,0,0,0,0,0,0,0,0,0,0,0,0,0,0,0,0,0,0,0,0,0,0,0,0,0,0,0,0,0,0,100,0,0,0,0,0,0,0,0,0,0,0,0,0,0,0,0,0,0,0,0,0,0,0,0,0,0,0,0,0,0,100,0,0,0,0,0,0,0,0,0
"128",128,1895,"TZA",34.888822,-6.369028,"Tanzania","Africa","Eastern Africa","TZA",34.888822,-6.369028,"Tanzania","Africa","Eastern Africa",125000,11250,100,2,1,"sugar.cane","0","0","0","0","0","0","0",0,0,0,0,0,0,0,0,0,0,0,0,0,0,0,0,0,0,0,0,0,0,0,0,0,0,0,0,0,0,0,0,0,0,0,0,0,0,0,0,0,0,0,0,0,0,0,0,0,0,0,0,0,0,0,0,0,0,0,0,0,0,0,0,0,0,100,0,0,0,0,0,0,0,0,0,0
"129",129,1839,"TZA",34.888822,-6.369028,"Tanzania","Africa","Eastern Africa","TZA",34.888822,-6.369028,"Tanzania","Africa","Eastern Africa",0,2909,1500,2,1,"rice","0","0","0","0","0","0","0",0,0,0,0,0,0,0,0,0,0,0,0,0,0,0,0,0,0,0,0,0,0,0,0,0,0,0,0,0,0,0,0,0,0,0,0,0,0,0,0,0,0,0,0,0,0,0,0,0,0,0,0,0,0,0,0,1500,0,0,0,0,0,0,0,0,0,0,0,0,0,0,0,0,0,0,0,0
"130",130,4175,"UGA",32.290275,1.373333,"Uganda","Africa","Eastern Africa","UGA",32.290275,1.373333,"Uganda","Africa","Eastern Africa",0,508,190,1,1,"tea","0","0","0","0","0","0","0",0,0,0,0,0,0,0,0,0,0,0,0,0,0,0,0,0,0,0,0,0,0,0,0,0,0,0,0,0,0,0,0,0,0,0,0,0,0,0,0,0,0,0,0,0,0,0,0,0,0,0,0,0,0,0,0,0,0,0,0,0,0,0,0,0,0,0,0,0,190,0,0,0,0,0,0,0
"131",131,1958,"UGA",32.290275,1.373333,"Uganda","Africa","Eastern Africa","UGA",32.290275,1.373333,"Uganda","Africa","Eastern Africa",0,0,5000,2,1,"sugar.cane","0","0","0","0","0","0","0",0,0,0,0,0,0,0,0,0,0,0,0,0,0,0,0,0,0,0,0,0,0,0,0,0,0,0,0,0,0,0,0,0,0,0,0,0,0,0,0,0,0,0,0,0,0,0,0,0,0,0,0,0,0,0,0,0,0,0,0,0,0,0,0,0,0,5000,0,0,0,0,0,0,0,0,0,0
"132",132,4174,"UGA",32.290275,1.373333,"Uganda","Africa","Eastern Africa","UGA",32.290275,1.373333,"Uganda","Africa","Eastern Africa",0,403,313,1,1,"tea","0","0","0","0","0","0","0",0,0,0,0,0,0,0,0,0,0,0,0,0,0,0,0,0,0,0,0,0,0,0,0,0,0,0,0,0,0,0,0,0,0,0,0,0,0,0,0,0,0,0,0,0,0,0,0,0,0,0,0,0,0,0,0,0,0,0,0,0,0,0,0,0,0,0,0,0,313,0,0,0,0,0,0,0
"133",133,1337,"GHA",-1.023194,7.946527,"Ghana","Africa","Western Africa","USA",-95.712891,37.09024,"United States of America","Americas","Northern America",5000,1750,150,1,4,"cacao","sunflower","jatropha","oil.palm","0","0","0","0",0,0,0,0,0,0,0,0,0,0,0,0,0,0,37.5,0,0,0,0,0,0,0,0,0,0,0,0,0,0,0,0,0,0,0,0,0,37.5,0,0,0,37.5,0,0,0,0,0,0,0,0,0,0,0,0,0,0,0,0,0,0,0,0,0,0,0,0,0,0,37.5,0,0,0,0,0,0,0,0,0
"134",134,3041,"MOZ",35.529562,-18.665695,"Mozambique","Africa","Eastern Africa","USA",-95.712891,37.09024,"United States of America","Americas","Northern America",10000,2500,160,1,1,"soybeans","0","0","0","0","0","0","0",0,0,0,0,0,0,0,0,0,0,0,0,0,0,0,0,0,0,0,0,0,0,0,0,0,0,0,0,0,0,0,0,0,0,0,0,0,0,0,0,0,0,0,0,0,0,0,0,0,0,0,0,0,0,0,0,0,0,0,0,0,0,0,160,0,0,0,0,0,0,0,0,0,0,0,0,0
"135",135,3768,"GHA",-1.023194,7.946527,"Ghana","Africa","Western Africa","USA",-95.712891,37.09024,"United States of America","Americas","Northern America",4000,1000,700,1,1,"rice","0","0","0","0","0","0","0",0,0,0,0,0,0,0,0,0,0,0,0,0,0,0,0,0,0,0,0,0,0,0,0,0,0,0,0,0,0,0,0,0,0,0,0,0,0,0,0,0,0,0,0,0,0,0,0,0,0,0,0,0,0,0,0,700,0,0,0,0,0,0,0,0,0,0,0,0,0,0,0,0,0,0,0,0
"136",136,3021,"TZA",34.888822,-6.369028,"Tanzania","Africa","Eastern Africa","USA",-95.712891,37.09024,"United States of America","Americas","Northern America",14066,14066,2374,2,1,"teak","0","0","0","0","0","0","0",0,0,0,0,0,0,0,0,0,0,0,0,0,0,0,0,0,0,0,0,0,0,0,0,0,0,0,0,0,0,0,0,0,0,0,0,0,0,0,0,0,0,0,0,0,0,0,0,0,0,0,0,0,0,0,0,0,0,0,0,0,0,0,0,0,0,0,0,0,0,2374,0,0,0,0,0,0
"137",137,1545,"MOZ",35.529562,-18.665695,"Mozambique","Africa","Eastern Africa","USA",-95.712891,37.09024,"United States of America","Americas","Northern America",16000,16000,740,5,2,"eucalyptus","pine","0","0","0","0","0","0",0,0,0,0,0,0,0,0,0,0,0,0,0,0,0,0,0,0,0,0,0,0,0,0,0,0,0,370,0,0,0,0,0,0,0,0,0,0,0,0,0,0,0,0,0,0,0,0,0,0,370,0,0,0,0,0,0,0,0,0,0,0,0,0,0,0,0,0,0,0,0,0,0,0,0,0,0
"138",138,3399,"GHA",-1.023194,7.946527,"Ghana","Africa","Western Africa","USA",-95.712891,37.09024,"United States of America","Americas","Northern America",0,10497,40,1,1,"corn","0","0","0","0","0","0","0",0,0,0,0,0,0,0,0,0,0,0,0,0,0,0,0,0,0,0,0,0,0,0,40,0,0,0,0,0,0,0,0,0,0,0,0,0,0,0,0,0,0,0,0,0,0,0,0,0,0,0,0,0,0,0,0,0,0,0,0,0,0,0,0,0,0,0,0,0,0,0,0,0,0,0,0,0
"139",139,1297,"ETH",40.489673,9.145,"Ethiopia","Africa","Eastern Africa","USA",-95.712891,37.09024,"United States of America","Americas","Northern America",10000,10000,3000,1,1,"wheat","0","0","0","0","0","0","0",0,0,0,0,0,0,0,0,0,0,0,0,0,0,0,0,0,0,0,0,0,0,0,0,0,0,0,0,0,0,0,0,0,0,0,0,0,0,0,0,0,0,0,0,0,0,0,0,0,0,0,0,0,0,0,0,0,0,0,0,0,0,0,0,0,0,0,0,0,0,0,0,0,0,0,0,3000
"140",140,1527,"MOZ",35.529562,-18.665695,"Mozambique","Africa","Eastern Africa","USA",-95.712891,37.09024,"United States of America","Americas","Northern America",0,5670,670,1,1,"jatropha","0","0","0","0","0","0","0",0,0,0,0,0,0,0,0,0,0,0,0,0,0,0,0,0,0,0,0,0,0,0,0,0,0,0,0,0,0,0,0,0,0,0,0,670,0,0,0,0,0,0,0,0,0,0,0,0,0,0,0,0,0,0,0,0,0,0,0,0,0,0,0,0,0,0,0,0,0,0,0,0,0,0,0,0
"141",141,2376,"MOZ",35.529562,-18.665695,"Mozambique","Africa","Eastern Africa","USA",-95.712891,37.09024,"United States of America","Americas","Northern America",46666.6666666667,9656.66666666667,5000,3,2,"eucalyptus","pine","0","0","0","0","0","0",0,0,0,0,0,0,0,0,0,0,0,0,0,0,0,0,0,0,0,0,0,0,0,0,0,0,0,2500,0,0,0,0,0,0,0,0,0,0,0,0,0,0,0,0,0,0,0,0,0,0,2500,0,0,0,0,0,0,0,0,0,0,0,0,0,0,0,0,0,0,0,0,0,0,0,0,0,0
"142",142,1348,"GHA",-1.023194,7.946527,"Ghana","Africa","Western Africa","USA",-95.712891,37.09024,"United States of America","Americas","Northern America",2500,1075,151.5,2,1,"rice","0","0","0","0","0","0","0",0,0,0,0,0,0,0,0,0,0,0,0,0,0,0,0,0,0,0,0,0,0,0,0,0,0,0,0,0,0,0,0,0,0,0,0,0,0,0,0,0,0,0,0,0,0,0,0,0,0,0,0,0,0,0,0,151.5,0,0,0,0,0,0,0,0,0,0,0,0,0,0,0,0,0,0,0,0
"143",143,1546,"MOZ",35.529562,-18.665695,"Mozambique","Africa","Eastern Africa","USA",-95.712891,37.09024,"United States of America","Americas","Northern America",66666.6666666667,66666.6666666667,533.333333333333,3,1,"eucalyptus","0","0","0","0","0","0","0",0,0,0,0,0,0,0,0,0,0,0,0,0,0,0,0,0,0,0,0,0,0,0,0,0,0,0,533.3,0,0,0,0,0,0,0,0,0,0,0,0,0,0,0,0,0,0,0,0,0,0,0,0,0,0,0,0,0,0,0,0,0,0,0,0,0,0,0,0,0,0,0,0,0,0,0,0,0
"144",144,3770,"GHA",-1.023194,7.946527,"Ghana","Africa","Western Africa","USA",-95.712891,37.09024,"United States of America","Americas","Northern America",4364,4364,1619,1,1,"oil.palm","0","0","0","0","0","0","0",0,0,0,0,0,0,0,0,0,0,0,0,0,0,0,0,0,0,0,0,0,0,0,0,0,0,0,0,0,0,0,0,0,0,0,0,0,0,0,0,1619,0,0,0,0,0,0,0,0,0,0,0,0,0,0,0,0,0,0,0,0,0,0,0,0,0,0,0,0,0,0,0,0,0,0,0,0
"145",145,1547,"MOZ",35.529562,-18.665695,"Mozambique","Africa","Eastern Africa","USA",-95.712891,37.09024,"United States of America","Americas","Northern America",36400,36400,630,5,1,"teak","0","0","0","0","0","0","0",0,0,0,0,0,0,0,0,0,0,0,0,0,0,0,0,0,0,0,0,0,0,0,0,0,0,0,0,0,0,0,0,0,0,0,0,0,0,0,0,0,0,0,0,0,0,0,0,0,0,0,0,0,0,0,0,0,0,0,0,0,0,0,0,0,0,0,0,0,0,630,0,0,0,0,0,0
"146",146,2050,"ZMB",27.849332,-13.133897,"Zambia","Africa","Eastern Africa","ZAF",22.937506,-30.559482,"South Africa","Africa","Southern Africa",2513,2513,513,1,4,"banana","corn","soybeans","wheat","0","0","0","0",0,0,0,0,0,0,0,0,0,0,128.2,0,0,0,0,0,0,0,0,0,0,0,0,128.2,0,0,0,0,0,0,0,0,0,0,0,0,0,0,0,0,0,0,0,0,0,0,0,0,0,0,0,0,0,0,0,0,0,0,0,0,0,0,0,128.2,0,0,0,0,0,0,0,0,0,0,0,0,128.2
"147",147,3786,"ZWE",29.154857,-19.015438,"Zimbabwe","Africa","Eastern Africa","ZAF",22.937506,-30.559482,"South Africa","Africa","Southern Africa",0,1715,1715,1,5,"tea","flowers","banana","fruit","vegetables","0","0","0",0,0,0,0,0,0,0,0,0,0,343,0,0,0,0,0,0,0,0,0,0,0,0,0,0,0,0,0,343,0,0,343,0,0,0,0,0,0,0,0,0,0,0,0,0,0,0,0,0,0,0,0,0,0,0,0,0,0,0,0,0,0,0,0,0,0,0,0,0,343,0,0,0,0,343,0,0
"148",148,1586,"MOZ",35.529562,-18.665695,"Mozambique","Africa","Eastern Africa","ZAF",22.937506,-30.559482,"South Africa","Africa","Southern Africa",48558.5,11800,5301.5,2,2,"eucalyptus","pine","0","0","0","0","0","0",0,0,0,0,0,0,0,0,0,0,0,0,0,0,0,0,0,0,0,0,0,0,0,0,0,0,0,2650.8,0,0,0,0,0,0,0,0,0,0,0,0,0,0,0,0,0,0,0,0,0,0,2650.8,0,0,0,0,0,0,0,0,0,0,0,0,0,0,0,0,0,0,0,0,0,0,0,0,0,0
"149",149,1167,"COG",15.827659,-0.228021,"Congo","Africa","Middle Africa","ZAF",22.937506,-30.559482,"South Africa","Africa","Southern Africa",1e+07,80000,2500,1,5,"wheat","rice","cereals","soybeans","sugar.cane","0","0","0",0,0,0,0,0,0,0,0,0,0,0,0,0,0,0,0,0,0,500,0,0,0,0,0,0,0,0,0,0,0,0,0,0,0,0,0,0,0,0,0,0,0,0,0,0,0,0,0,0,0,0,0,0,0,0,0,500,0,0,0,0,0,0,500,0,0,500,0,0,0,0,0,0,0,0,0,500
"150",150,4060,"ZMB",27.849332,-13.133897,"Zambia","Africa","Eastern Africa","ZAF",22.937506,-30.559482,"South Africa","Africa","Southern Africa",0,440,440,1,1,"sugar.cane","0","0","0","0","0","0","0",0,0,0,0,0,0,0,0,0,0,0,0,0,0,0,0,0,0,0,0,0,0,0,0,0,0,0,0,0,0,0,0,0,0,0,0,0,0,0,0,0,0,0,0,0,0,0,0,0,0,0,0,0,0,0,0,0,0,0,0,0,0,0,0,0,0,440,0,0,0,0,0,0,0,0,0,0
"151",151,2053,"ZMB",27.849332,-13.133897,"Zambia","Africa","Eastern Africa","ZAF",22.937506,-30.559482,"South Africa","Africa","Southern Africa",10000,4000,1800,1,3,"corn","soybeans","wheat","0","0","0","0","0",0,0,0,0,0,0,0,0,0,0,0,0,0,0,0,0,0,0,0,0,0,0,0,600,0,0,0,0,0,0,0,0,0,0,0,0,0,0,0,0,0,0,0,0,0,0,0,0,0,0,0,0,0,0,0,0,0,0,0,0,0,0,0,600,0,0,0,0,0,0,0,0,0,0,0,0,600
"152",152,3123,"ZMB",27.849332,-13.133897,"Zambia","Africa","Eastern Africa","ZAF",22.937506,-30.559482,"South Africa","Africa","Southern Africa",0,95551.5,4,2,1,"jatropha","0","0","0","0","0","0","0",0,0,0,0,0,0,0,0,0,0,0,0,0,0,0,0,0,0,0,0,0,0,0,0,0,0,0,0,0,0,0,0,0,0,0,0,4,0,0,0,0,0,0,0,0,0,0,0,0,0,0,0,0,0,0,0,0,0,0,0,0,0,0,0,0,0,0,0,0,0,0,0,0,0,0,0,0
"153",153,3023,"MOZ",35.529562,-18.665695,"Mozambique","Africa","Eastern Africa","ZAF",22.937506,-30.559482,"South Africa","Africa","Southern Africa",1500,1500,300,1,7,"banana","bean","citrus","eucalyptus","fruit","pepper","vegetables","0",0,0,0,0,0,0,0,0,0,0,42.9,0,42.9,0,0,0,0,0,0,0,42.9,0,0,0,0,0,0,42.9,0,0,0,42.9,0,0,0,0,0,0,0,0,0,0,0,0,0,0,0,0,0,42.9,0,0,0,0,0,0,0,0,0,0,0,0,0,0,0,0,0,0,0,0,0,0,0,0,42.9,0,0
"154",154,2369,"ZAF",22.937506,-30.559482,"South Africa","Africa","Southern Africa","ZAF",22.937506,-30.559482,"South Africa","Africa","Southern Africa",1400,1400,110,1,1,"vegetables","0","0","0","0","0","0","0",0,0,0,0,0,0,0,0,0,0,0,0,0,0,0,0,0,0,0,0,0,0,0,0,0,0,0,0,0,0,0,0,0,0,0,0,0,0,0,0,0,0,0,0,0,0,0,0,0,0,0,0,0,0,0,0,0,0,0,0,0,0,0,0,0,0,0,0,0,0,0,0,0,0,110,0,0
"155",155,2402,"ZMB",27.849332,-13.133897,"Zambia","Africa","Eastern Africa","ZAF",22.937506,-30.559482,"South Africa","Africa","Southern Africa",0,27500,16000,1,1,"sugar.cane","0","0","0","0","0","0","0",0,0,0,0,0,0,0,0,0,0,0,0,0,0,0,0,0,0,0,0,0,0,0,0,0,0,0,0,0,0,0,0,0,0,0,0,0,0,0,0,0,0,0,0,0,0,0,0,0,0,0,0,0,0,0,0,0,0,0,0,0,0,0,0,0,0,16000,0,0,0,0,0,0,0,0,0,0
"156",156,3117,"ZMB",27.849332,-13.133897,"Zambia","Africa","Eastern Africa","ZMB",27.849332,-13.133897,"Zambia","Africa","Eastern Africa",16500,16500,2000,2,3,"corn","soybeans","wheat","0","0","0","0","0",0,0,0,0,0,0,0,0,0,0,0,0,0,0,0,0,0,0,0,0,0,0,0,666.7,0,0,0,0,0,0,0,0,0,0,0,0,0,0,0,0,0,0,0,0,0,0,0,0,0,0,0,0,0,0,0,0,0,0,0,0,0,0,0,666.7,0,0,0,0,0,0,0,0,0,0,0,0,666.7
"157",157,3944,"ZMB",27.849332,-13.133897,"Zambia","Africa","Eastern Africa","ZMB",27.849332,-13.133897,"Zambia","Africa","Eastern Africa",0,20000,648,1,1,"oil.palm","0","0","0","0","0","0","0",0,0,0,0,0,0,0,0,0,0,0,0,0,0,0,0,0,0,0,0,0,0,0,0,0,0,0,0,0,0,0,0,0,0,0,0,0,0,0,0,648,0,0,0,0,0,0,0,0,0,0,0,0,0,0,0,0,0,0,0,0,0,0,0,0,0,0,0,0,0,0,0,0,0,0,0,0
"158",158,2033,"ZMB",27.849332,-13.133897,"Zambia","Africa","Eastern Africa","ZMB",27.849332,-13.133897,"Zambia","Africa","Eastern Africa",45000,45000,15000,1,3,"corn","soybeans","wheat","0","0","0","0","0",0,0,0,0,0,0,0,0,0,0,0,0,0,0,0,0,0,0,0,0,0,0,0,5000,0,0,0,0,0,0,0,0,0,0,0,0,0,0,0,0,0,0,0,0,0,0,0,0,0,0,0,0,0,0,0,0,0,0,0,0,0,0,0,5000,0,0,0,0,0,0,0,0,0,0,0,0,5000
"159",159,3117,"ZMB",27.849332,-13.133897,"Zambia","Africa","Eastern Africa","ZWE",29.154857,-19.015438,"Zimbabwe","Africa","Eastern Africa",16500,16500,2000,2,3,"corn","soybeans","wheat","0","0","0","0","0",0,0,0,0,0,0,0,0,0,0,0,0,0,0,0,0,0,0,0,0,0,0,0,666.7,0,0,0,0,0,0,0,0,0,0,0,0,0,0,0,0,0,0,0,0,0,0,0,0,0,0,0,0,0,0,0,0,0,0,0,0,0,0,0,666.7,0,0,0,0,0,0,0,0,0,0,0,0,666.7
"160",160,2058,"ZWE",29.154857,-19.015438,"Zimbabwe","Africa","Eastern Africa","ZWE",29.154857,-19.015438,"Zimbabwe","Africa","Eastern Africa",46000,0,8500,1,1,"sugar.cane","0","0","0","0","0","0","0",0,0,0,0,0,0,0,0,0,0,0,0,0,0,0,0,0,0,0,0,0,0,0,0,0,0,0,0,0,0,0,0,0,0,0,0,0,0,0,0,0,0,0,0,0,0,0,0,0,0,0,0,0,0,0,0,0,0,0,0,0,0,0,0,0,0,8500,0,0,0,0,0,0,0,0,0,0
